PLAYER_ID,NAME,DOB,POSITION,NATIONALITY,HEIGHT,WEIGHT,SEASON1_ID,SEASON2_ID,MIN_S1,MIN_S2,PTS_S1,PTS_S2,AST_S1,AST_S2,REB_S1,REB_S2,STL_S1,STL_S2,FG3M_S1,FG3M_S2,FG3A_S1,FG3A_S2,FTM_S1,FTM_S2,FTA_S1,FTA_S2,FGM_S1,FGM_S2,FGA_S1,FGA_S2,PLUS_MINUS_S1,PLUS_MINUS_S2
202681,Kyrie Irving,1992-03-23T00:00:00,Guard,,6-2,195,2011-12,2012-13,1558.0,2048.0,944.0,1325.0,275.0,350.0,191.0,216.0,54.0,89.0,73.0,109.0,183.0,279.0,171.0,248.0,196.0,290.0,350.0,484.0,747.0,1070.0,,
202682,Derrick Williams,1991-05-25T00:00:00,Forward,,6-8,240,2011-12,2012-13,1418.0,1916.0,583.0,933.0,38.0,46.0,311.0,430.0,30.0,44.0,37.0,65.0,138.0,196.0,136.0,192.0,195.0,272.0,205.0,338.0,498.0,786.0,,
202683,Enes Freedom,1992-05-20T00:00:00,Center,,6-10,250,2011-12,2012-13,874.0,1078.0,304.0,506.0,8.0,31.0,278.0,304.0,18.0,28.0,0.0,1.0,1.0,1.0,70.0,93.0,105.0,117.0,117.0,206.0,236.0,379.0,,
202684,Tristan Thompson,1991-03-13T00:00:00,Center-Forward,,6-9,254,2011-12,2012-13,1424.0,2564.0,494.0,957.0,27.0,108.0,389.0,773.0,27.0,60.0,0.0,0.0,2.0,3.0,106.0,177.0,192.0,291.0,194.0,390.0,442.0,799.0,,
202686,Jan Vesely,1990-04-24T00:00:00,Forward,,7-0,242,2011-12,2012-13,1078.0,601.0,267.0,126.0,47.0,28.0,249.0,122.0,39.0,15.0,0.0,0.0,1.0,1.0,33.0,12.0,62.0,39.0,117.0,57.0,218.0,114.0,,
202687,Bismack Biyombo,1992-08-28T00:00:00,Center,,6-8,255,2011-12,2012-13,1455.0,2186.0,327.0,386.0,27.0,35.0,368.0,582.0,20.0,28.0,0.0,0.0,0.0,0.0,69.0,74.0,143.0,142.0,129.0,156.0,278.0,346.0,,
202688,Brandon Knight,1991-12-02T00:00:00,Guard,,6-2,182,2011-12,2012-13,2129.0,2365.0,847.0,999.0,251.0,303.0,211.0,247.0,49.0,58.0,105.0,120.0,276.0,327.0,104.0,165.0,137.0,225.0,319.0,357.0,769.0,878.0,,
202689,Kemba Walker,1990-05-08T00:00:00,Guard,,6-0,184,2011-12,2012-13,1792.0,2859.0,799.0,1455.0,289.0,471.0,234.0,283.0,60.0,160.0,69.0,107.0,226.0,332.0,168.0,296.0,213.0,371.0,281.0,526.0,767.0,1244.0,,
202690,Jimmer Fredette,1989-02-25T00:00:00,Guard,,6-2,195,2011-12,2012-13,1135.0,967.0,462.0,494.0,108.0,92.0,73.0,71.0,30.0,31.0,78.0,65.0,216.0,156.0,40.0,85.0,48.0,99.0,172.0,172.0,446.0,409.0,,
202691,Klay Thompson,1990-02-08T00:00:00,Guard,,6-5,220,2011-12,2012-13,1608.0,2936.0,826.0,1359.0,133.0,183.0,161.0,306.0,49.0,86.0,111.0,211.0,268.0,526.0,79.0,132.0,91.0,157.0,318.0,508.0,718.0,1205.0,,
202692,Alec Burks,1991-07-20T00:00:00,Guard,,6-5,214,2011-12,2012-13,939.0,1137.0,425.0,451.0,55.0,92.0,132.0,145.0,27.0,35.0,15.0,33.0,45.0,92.0,104.0,92.0,143.0,129.0,153.0,163.0,357.0,388.0,,
202693,Markieff Morris,1989-09-02T00:00:00,Forward,,6-9,245,2011-12,2012-13,1227.0,1837.0,467.0,670.0,65.0,108.0,279.0,396.0,41.0,77.0,43.0,45.0,124.0,134.0,76.0,93.0,106.0,127.0,174.0,266.0,436.0,653.0,,
202695,Kawhi Leonard,1991-06-29T00:00:00,Forward,,6-6,225,2011-12,2012-13,1534.0,1810.0,507.0,689.0,70.0,93.0,327.0,346.0,85.0,97.0,41.0,65.0,109.0,174.0,68.0,104.0,88.0,126.0,199.0,260.0,404.0,526.0,,
202697,Iman Shumpert,1990-06-26T00:00:00,Guard,,6-5,212,2011-12,2012-13,1705.0,996.0,563.0,305.0,164.0,75.0,186.0,136.0,101.0,43.0,48.0,51.0,157.0,127.0,87.0,36.0,109.0,47.0,214.0,109.0,534.0,275.0,,
202699,Tobias Harris,1992-07-15T00:00:00,Forward,,6-8,226,2011-12,2012-13,479.0,325.0,208.0,136.0,22.0,13.0,101.0,57.0,13.0,8.0,6.0,7.0,23.0,21.0,44.0,23.0,54.0,26.0,79.0,53.0,169.0,115.0,,
202700,Donatas Motiejunas,1990-09-20T00:00:00,Forward-Center,,7-0,220,2012-13,2013-14,538.0,952.0,250.0,341.0,31.0,34.0,93.0,225.0,7.0,20.0,24.0,21.0,83.0,84.0,32.0,58.0,51.0,96.0,97.0,131.0,213.0,296.0,,
202701,Nolan Smith,1988-07-25T00:00:00,Guard,,6-2,185,2011-12,2012-13,541.0,288.0,167.0,110.0,62.0,35.0,56.0,27.0,18.0,7.0,13.0,6.0,45.0,28.0,20.0,20.0,28.0,28.0,67.0,42.0,180.0,114.0,,
202702,Kenneth Faried,1989-11-19T00:00:00,Forward-Center,,6-8,220,2011-12,2012-13,1037.0,2248.0,471.0,923.0,36.0,77.0,352.0,734.0,34.0,81.0,0.0,0.0,0.0,0.0,109.0,163.0,164.0,266.0,181.0,380.0,309.0,689.0,,
202703,Nikola Mirotic,1991-02-11T00:00:00,Forward,,6-10,250,2014-15,2015-16,1654.0,1646.0,833.0,777.0,97.0,100.0,404.0,362.0,54.0,58.0,99.0,135.0,313.0,346.0,228.0,146.0,284.0,181.0,253.0,248.0,624.0,609.0,,
202704,Reggie Jackson,1990-04-16T00:00:00,Guard,,6-2,208,2011-12,2012-13,501.0,993.0,140.0,374.0,71.0,122.0,53.0,166.0,25.0,29.0,13.0,24.0,62.0,104.0,25.0,52.0,29.0,62.0,51.0,149.0,159.0,325.0,,
202705,MarShon Brooks,1989-01-26T00:00:00,Guard,,6-5,200,2011-12,2012-13,1648.0,912.0,708.0,394.0,131.0,76.0,200.0,104.0,52.0,34.0,47.0,15.0,150.0,55.0,113.0,69.0,148.0,94.0,274.0,155.0,640.0,335.0,,
202706,Jordan Hamilton,1990-10-06T00:00:00,Guard-Forward,,6-7,220,2011-12,2012-13,258.0,397.0,115.0,208.0,20.0,23.0,62.0,95.0,4.0,15.0,17.0,27.0,47.0,73.0,2.0,13.0,5.0,26.0,48.0,84.0,111.0,201.0,,
202707,JaJuan Johnson,1989-02-08T00:00:00,Forward,,6-10,221,2011-12,,298.0,,114.0,,6.0,,58.0,,5.0,,0.0,,0.0,,6.0,,9.0,,54.0,,121.0,,,
202708,Norris Cole,1988-10-13T00:00:00,Guard,,6-2,175,2011-12,2012-13,1260.0,1590.0,441.0,445.0,133.0,164.0,91.0,130.0,44.0,57.0,21.0,35.0,76.0,98.0,66.0,52.0,85.0,80.0,177.0,179.0,450.0,425.0,,
202709,Cory Joseph,1991-08-20T00:00:00,Guard,,6-2,200,2011-12,2012-13,266.0,388.0,58.0,126.0,34.0,53.0,25.0,52.0,7.0,15.0,3.0,6.0,15.0,21.0,11.0,18.0,17.0,21.0,22.0,51.0,70.0,110.0,,
203076,Anthony Davis,1993-03-11T00:00:00,Forward-Center,,6-10,253,2012-13,2013-14,1846.0,2358.0,867.0,1394.0,63.0,105.0,522.0,673.0,75.0,89.0,0.0,2.0,6.0,9.0,169.0,348.0,225.0,440.0,349.0,522.0,676.0,1005.0,,
203077,Michael Kidd-Gilchrist,1993-09-26T00:00:00,Forward,,6-6,232,2012-13,2013-14,2025.0,1502.0,704.0,448.0,117.0,52.0,455.0,324.0,54.0,43.0,2.0,1.0,9.0,9.0,140.0,113.0,187.0,184.0,281.0,167.0,613.0,353.0,,
203078,Bradley Beal,1993-06-28T00:00:00,Guard,,6-4,207,2012-13,2013-14,1745.0,2530.0,780.0,1249.0,137.0,243.0,211.0,273.0,50.0,71.0,91.0,138.0,236.0,343.0,125.0,149.0,159.0,189.0,282.0,481.0,687.0,1149.0,,
203079,Dion Waiters,1991-12-10T00:00:00,Guard,,6-3,210,2012-13,2013-14,1756.0,2072.0,894.0,1113.0,183.0,209.0,149.0,195.0,59.0,63.0,63.0,92.0,203.0,250.0,159.0,161.0,213.0,235.0,336.0,430.0,815.0,993.0,,
203080,Thomas Robinson,1991-03-17T00:00:00,Forward,,6-10,237,2012-13,2012-13,809.0,247.0,247.0,86.0,36.0,10.0,238.0,77.0,25.0,16.0,0.0,0.0,0.0,1.0,41.0,16.0,71.0,38.0,103.0,35.0,243.0,78.0,,
203081,Damian Lillard,1990-07-15T00:00:00,Guard,,6-2,200,2012-13,2013-14,3167.0,2937.0,1562.0,1695.0,531.0,457.0,257.0,288.0,74.0,64.0,185.0,218.0,503.0,554.0,271.0,371.0,321.0,426.0,553.0,553.0,1288.0,1304.0,,
203084,Harrison Barnes,1992-05-30T00:00:00,Forward,,6-7,225,2012-13,2013-14,2058.0,2204.0,748.0,738.0,98.0,116.0,333.0,311.0,52.0,65.0,52.0,66.0,145.0,190.0,144.0,130.0,190.0,181.0,276.0,271.0,628.0,679.0,,
203082,Terrence Ross,1991-02-05T00:00:00,Guard-Forward,,6-7,206,2012-13,2013-14,1239.0,2159.0,467.0,879.0,53.0,79.0,144.0,252.0,43.0,64.0,65.0,161.0,196.0,408.0,30.0,82.0,42.0,98.0,186.0,318.0,457.0,751.0,,
203083,Andre Drummond,1993-08-10T00:00:00,Center,,6-11,279,2012-13,2013-14,1243.0,2619.0,476.0,1095.0,30.0,35.0,457.0,1071.0,59.0,101.0,1.0,0.0,2.0,2.0,59.0,137.0,159.0,328.0,208.0,479.0,342.0,769.0,,
203085,Austin Rivers,1992-08-01T00:00:00,Guard,,6-4,200,2012-13,2013-14,1418.0,1339.0,377.0,530.0,127.0,160.0,109.0,129.0,26.0,45.0,28.0,36.0,86.0,99.0,59.0,110.0,108.0,173.0,145.0,192.0,390.0,474.0,,
203086,Meyers Leonard,1992-02-27T00:00:00,Forward-Center,,7-0,260,2012-13,2013-14,1206.0,355.0,377.0,98.0,33.0,18.0,255.0,111.0,11.0,7.0,3.0,0.0,7.0,6.0,72.0,16.0,89.0,21.0,151.0,41.0,277.0,91.0,,
203087,Jeremy Lamb,1992-05-30T00:00:00,Guard-Forward,,6-5,180,2012-13,2013-14,147.0,1538.0,71.0,665.0,5.0,115.0,18.0,189.0,2.0,56.0,9.0,88.0,30.0,247.0,14.0,51.0,14.0,64.0,24.0,263.0,68.0,609.0,,
203088,Kendall Marshall,1991-08-19T00:00:00,Guard,,6-4,200,2012-13,2013-14,702.0,1564.0,143.0,430.0,143.0,477.0,42.0,155.0,22.0,48.0,23.0,71.0,73.0,178.0,8.0,19.0,14.0,36.0,56.0,170.0,151.0,419.0,,
203089,John Henson,1990-12-28T00:00:00,Forward-Center,,6-9,219,2012-13,2013-14,827.0,1856.0,380.0,779.0,31.0,113.0,297.0,497.0,19.0,41.0,0.0,0.0,3.0,1.0,56.0,91.0,105.0,177.0,162.0,344.0,336.0,639.0,,
203090,Maurice Harkless,1993-05-11T00:00:00,Forward-Guard,,6-7,220,2012-13,2013-14,1974.0,1950.0,625.0,592.0,50.0,80.0,335.0,264.0,88.0,97.0,32.0,59.0,117.0,154.0,73.0,85.0,128.0,143.0,260.0,224.0,564.0,483.0,,
203091,Royce White,1991-04-10T00:00:00,Forward,,6-8,260,2013-14,,9.0,,0.0,,0.0,,0.0,,0.0,,0.0,,0.0,,0.0,,0.0,,0.0,,1.0,,,
203092,Tyler Zeller,1990-01-17T00:00:00,Forward-Center,,6-11,250,2012-13,2013-14,2033.0,1049.0,610.0,399.0,96.0,36.0,438.0,282.0,35.0,18.0,0.0,0.0,4.0,1.0,120.0,87.0,157.0,121.0,245.0,156.0,559.0,290.0,,
203093,Terrence Jones,1992-01-09T00:00:00,Forward,,6-9,252,2012-13,2013-14,276.0,2078.0,104.0,921.0,15.0,87.0,65.0,528.0,12.0,53.0,5.0,31.0,19.0,101.0,13.0,118.0,17.0,195.0,43.0,386.0,94.0,712.0,,
203094,Andrew Nicholson,1989-12-08T00:00:00,Forward,,6-9,250,2012-13,2013-14,1249.0,1174.0,587.0,435.0,44.0,25.0,258.0,255.0,24.0,18.0,0.0,28.0,0.0,89.0,75.0,47.0,94.0,57.0,256.0,180.0,486.0,420.0,,
203095,Evan Fournier,1992-10-29T00:00:00,Guard-Forward,,6-6,205,2012-13,2013-14,428.0,1504.0,202.0,638.0,44.0,112.0,35.0,202.0,19.0,34.0,22.0,89.0,54.0,237.0,30.0,93.0,39.0,123.0,75.0,228.0,152.0,544.0,,
203096,Jared Sullinger,1992-03-04T00:00:00,Center-Forward,,6-9,260,2012-13,2013-14,892.0,2041.0,270.0,982.0,35.0,118.0,264.0,601.0,22.0,35.0,1.0,56.0,5.0,208.0,47.0,158.0,63.0,203.0,111.0,384.0,225.0,899.0,,
203097,Fab Melo,1990-06-20T00:00:00,Center,,7-0,255,2012-13,,36.0,,7.0,,0.0,,3.0,,2.0,,0.0,,0.0,,1.0,,4.0,,3.0,,6.0,,,
203098,John Jenkins,1991-03-06T00:00:00,Guard,,6-4,215,2012-13,2013-14,902.0,158.0,374.0,40.0,56.0,11.0,94.0,22.0,12.0,1.0,53.0,4.0,138.0,18.0,59.0,4.0,70.0,4.0,131.0,16.0,294.0,42.0,,
203099,Jared Cunningham,1991-05-22T00:00:00,Guard,,6-4,195,2012-13,2013-14,26.0,22.0,16.0,2.0,1.0,3.0,3.0,1.0,1.0,0.0,2.0,0.0,3.0,1.0,2.0,0.0,2.0,2.0,6.0,1.0,14.0,2.0,,
203100,Tony Wroten,1993-04-13T00:00:00,Guard,,6-6,205,2012-13,2013-14,272.0,1765.0,91.0,939.0,43.0,217.0,28.0,228.0,8.0,78.0,4.0,40.0,16.0,188.0,21.0,209.0,29.0,326.0,33.0,345.0,86.0,808.0,,
203101,Miles Plumlee,1988-09-01T00:00:00,Center,,6-11,249,2012-13,2013-14,55.0,1964.0,13.0,646.0,2.0,43.0,22.0,626.0,0.0,50.0,0.0,0.0,0.0,0.0,3.0,74.0,4.0,132.0,5.0,286.0,21.0,553.0,,
203102,Arnett Moultrie,1990-11-18T00:00:00,Forward,,6-10,240,2012-13,2013-14,542.0,187.0,174.0,36.0,10.0,2.0,145.0,35.0,17.0,8.0,0.0,0.0,0.0,0.0,18.0,4.0,28.0,5.0,78.0,16.0,134.0,38.0,,
203104,Marquis Teague,1993-02-28T00:00:00,Guard,,6-2,189,2012-13,2013-14,392.0,242.0,99.0,45.0,63.0,28.0,44.0,19.0,9.0,2.0,4.0,2.0,23.0,10.0,9.0,11.0,16.0,16.0,43.0,16.0,113.0,66.0,,
203105,Festus Ezeli,1989-10-21T00:00:00,Center,,6-11,265,2012-13,2014-15,1120.0,504.0,191.0,201.0,22.0,9.0,313.0,155.0,23.0,7.0,0.0,0.0,0.0,0.0,43.0,49.0,81.0,78.0,74.0,76.0,169.0,139.0,,
203461,Anthony Bennett,1993-03-14T00:00:00,Forward,,6-8,235,2013-14,2014-15,663.0,894.0,217.0,298.0,17.0,48.0,155.0,216.0,21.0,27.0,13.0,7.0,53.0,23.0,44.0,41.0,69.0,64.0,80.0,125.0,225.0,297.0,,
203506,Victor Oladipo,1992-05-04T00:00:00,Guard,,6-3,213,2013-14,2014-15,2487.0,2573.0,1106.0,1292.0,327.0,295.0,329.0,302.0,129.0,120.0,74.0,84.0,226.0,248.0,248.0,262.0,318.0,320.0,392.0,473.0,936.0,1086.0,,
203490,Otto Porter Jr.,1993-06-03T00:00:00,Forward,,6-8,230,2013-14,2014-15,319.0,1432.0,78.0,445.0,10.0,65.0,57.0,221.0,8.0,44.0,4.0,35.0,21.0,104.0,8.0,58.0,12.0,79.0,33.0,176.0,91.0,391.0,,
203469,Cody Zeller,1992-10-05T00:00:00,Forward-Center,,6-11,240,2013-14,2014-15,1417.0,1487.0,490.0,472.0,92.0,100.0,353.0,362.0,40.0,34.0,0.0,1.0,1.0,1.0,146.0,127.0,200.0,164.0,172.0,172.0,404.0,373.0,,
203458,Alex Len,1993-06-16T00:00:00,Center,,7-0,250,2013-14,2014-15,362.0,1518.0,86.0,432.0,4.0,32.0,99.0,454.0,4.0,34.0,0.0,1.0,0.0,3.0,20.0,73.0,31.0,104.0,33.0,179.0,78.0,353.0,,
203457,Nerlens Noel,1994-04-10T00:00:00,Center-Forward,,6-10,220,2014-15,2015-16,2311.0,1965.0,744.0,747.0,128.0,122.0,611.0,542.0,133.0,118.0,0.0,1.0,0.0,2.0,140.0,134.0,230.0,227.0,302.0,306.0,653.0,587.0,,
203463,Ben McLemore,1993-02-11T00:00:00,Guard,,6-3,195,2013-14,2014-15,2187.0,2670.0,720.0,996.0,82.0,140.0,235.0,241.0,45.0,77.0,95.0,140.0,297.0,391.0,115.0,130.0,143.0,160.0,255.0,363.0,679.0,831.0,,
203484,Kentavious Caldwell-Pope,1993-02-18T00:00:00,Guard,,6-5,204,2013-14,2014-15,1583.0,2587.0,470.0,1043.0,55.0,109.0,156.0,255.0,75.0,93.0,59.0,153.0,185.0,444.0,47.0,110.0,61.0,158.0,182.0,390.0,460.0,972.0,,
203504,Trey Burke,1992-11-12T00:00:00,Guard,,6-0,185,2013-14,2014-15,2262.0,2288.0,895.0,973.0,396.0,328.0,208.0,204.0,42.0,65.0,111.0,124.0,336.0,390.0,102.0,109.0,113.0,145.0,341.0,370.0,897.0,1005.0,,
203468,CJ McCollum,1991-09-19T00:00:00,Guard,,6-3,190,2013-14,2014-15,476.0,973.0,201.0,424.0,27.0,64.0,48.0,91.0,14.0,43.0,30.0,55.0,80.0,139.0,23.0,51.0,34.0,73.0,74.0,159.0,178.0,365.0,,
203487,Michael Carter-Williams,1991-10-10T00:00:00,Guard,,6-5,190,2013-14,2014-15,2414.0,1391.0,1167.0,613.0,441.0,302.0,437.0,254.0,130.0,60.0,55.0,32.0,208.0,125.0,258.0,117.0,367.0,182.0,427.0,232.0,1054.0,611.0,,
203500,Steven Adams,1993-07-20T00:00:00,Center,,6-11,265,2013-14,2014-15,1197.0,1771.0,265.0,537.0,43.0,66.0,332.0,523.0,40.0,38.0,0.0,0.0,0.0,2.0,79.0,103.0,136.0,205.0,93.0,217.0,185.0,399.0,,
203482,Kelly Olynyk,1991-04-19T00:00:00,Forward-Center,,7-0,240,2013-14,2014-15,1400.0,1424.0,607.0,656.0,109.0,109.0,365.0,303.0,35.0,64.0,40.0,61.0,114.0,175.0,99.0,93.0,122.0,136.0,234.0,251.0,502.0,528.0,,
203498,Shabazz Muhammad,1992-11-13T00:00:00,Guard-Forward,,6-6,221,2013-14,2014-15,290.0,866.0,143.0,512.0,6.0,44.0,53.0,154.0,8.0,18.0,3.0,20.0,11.0,51.0,26.0,104.0,40.0,145.0,57.0,194.0,124.0,397.0,,
203507,Giannis Antetokounmpo,1994-12-06T00:00:00,Forward,,6-11,243,2013-14,2014-15,1897.0,2541.0,525.0,1030.0,150.0,207.0,339.0,542.0,60.0,73.0,41.0,7.0,118.0,44.0,138.0,257.0,202.0,347.0,173.0,383.0,418.0,780.0,,
203512,Lucas Nogueira,1992-07-26T00:00:00,Center,,7-0,220,2014-15,2015-16,23.0,225.0,6.0,65.0,1.0,7.0,11.0,46.0,2.0,12.0,0.0,1.0,0.0,3.0,2.0,8.0,4.0,15.0,2.0,28.0,8.0,44.0,,
203499,Shane Larkin,1992-10-02T00:00:00,Guard,,5-11,175,2013-14,2014-15,489.0,1865.0,132.0,470.0,71.0,226.0,42.0,176.0,26.0,93.0,12.0,35.0,38.0,116.0,16.0,61.0,25.0,78.0,52.0,187.0,137.0,432.0,,
203508,Sergey Karasev,1993-10-26T00:00:00,Guard-Forward,,6-7,208,2013-14,2014-15,156.0,555.0,37.0,153.0,6.0,46.0,16.0,66.0,3.0,23.0,4.0,16.0,19.0,54.0,9.0,29.0,10.0,38.0,12.0,54.0,35.0,134.0,,
203503,Tony Snell,1991-11-10T00:00:00,Guard,,6-6,213,2013-14,2014-15,1231.0,1412.0,346.0,435.0,68.0,62.0,124.0,176.0,29.0,32.0,57.0,73.0,178.0,197.0,31.0,44.0,41.0,55.0,129.0,159.0,336.0,371.0,,
203476,Gorgui Dieng,1990-01-18T00:00:00,Center,,6-10,248,2013-14,2014-15,818.0,2193.0,286.0,710.0,39.0,146.0,300.0,609.0,30.0,71.0,1.0,1.0,1.0,6.0,59.0,191.0,93.0,244.0,113.0,259.0,227.0,512.0,,
203486,Mason Plumlee,1990-03-05T00:00:00,Forward-Center,,6-10,254,2013-14,2014-15,1275.0,1743.0,520.0,717.0,60.0,74.0,308.0,512.0,49.0,65.0,0.0,0.0,3.0,3.0,122.0,157.0,195.0,317.0,199.0,280.0,302.0,489.0,,
203524,Solomon Hill,1991-03-18T00:00:00,Forward,,6-6,226,2013-14,2014-15,226.0,2381.0,47.0,729.0,12.0,184.0,41.0,314.0,5.0,66.0,7.0,68.0,23.0,208.0,6.0,159.0,7.0,193.0,17.0,251.0,40.0,634.0,,
203501,Tim Hardaway Jr.,1992-03-16T00:00:00,Guard-Forward,,6-5,205,2013-14,2014-15,1875.0,1681.0,824.0,804.0,66.0,127.0,121.0,156.0,44.0,20.0,130.0,121.0,358.0,354.0,106.0,125.0,128.0,156.0,294.0,279.0,687.0,717.0,,
203460,Andre Roberson,1991-12-04T00:00:00,Guard-Forward,,6-7,210,2013-14,2014-15,399.0,1286.0,75.0,228.0,15.0,70.0,94.0,255.0,19.0,53.0,2.0,21.0,13.0,85.0,7.0,23.0,10.0,48.0,33.0,92.0,68.0,201.0,,
203497,Rudy Gobert,1992-06-26T00:00:00,Center,,7-1,258,2013-14,2014-15,434.0,2158.0,104.0,686.0,7.0,109.0,155.0,775.0,8.0,64.0,0.0,0.0,0.0,2.0,32.0,170.0,65.0,273.0,36.0,258.0,74.0,427.0,,
203462,Archie Goodwin,1994-08-17T00:00:00,Guard,,6-5,205,2013-14,2014-15,533.0,535.0,194.0,231.0,20.0,44.0,87.0,74.0,20.0,18.0,5.0,12.0,36.0,41.0,37.0,61.0,55.0,83.0,76.0,79.0,167.0,201.0,,
203517,Nemanja Nedovic,1991-06-16T00:00:00,Guard,,6-3,192,2013-14,,142.0,,26.0,,13.0,,15.0,,0.0,,3.0,,18.0,,7.0,,8.0,,8.0,,39.0,,,
203952,Andrew Wiggins,1995-02-23T00:00:00,Forward,,6-6,197,2014-15,2015-16,2969.0,2845.0,1387.0,1675.0,170.0,164.0,374.0,291.0,86.0,78.0,39.0,57.0,126.0,190.0,354.0,430.0,466.0,565.0,497.0,594.0,1137.0,1294.0,,
203953,Jabari Parker,1995-03-15T00:00:00,Forward,,6-7,245,2014-15,2015-16,738.0,2408.0,308.0,1070.0,42.0,130.0,138.0,395.0,31.0,69.0,4.0,9.0,16.0,35.0,46.0,175.0,66.0,228.0,129.0,443.0,263.0,899.0,,
203954,Joel Embiid,1994-03-16T00:00:00,Center-Forward,,7-0,280,2016-17,2017-18,786.0,1912.0,627.0,1445.0,66.0,199.0,243.0,690.0,27.0,40.0,36.0,66.0,98.0,214.0,191.0,359.0,244.0,467.0,200.0,510.0,429.0,1056.0,,
203932,Aaron Gordon,1995-09-16T00:00:00,Forward,,6-8,235,2014-15,2015-16,797.0,1863.0,243.0,719.0,33.0,128.0,169.0,507.0,21.0,59.0,13.0,42.0,48.0,142.0,44.0,129.0,61.0,193.0,93.0,274.0,208.0,579.0,,
203935,Marcus Smart,1994-03-06T00:00:00,Guard,,6-3,220,2014-15,2015-16,1808.0,1667.0,523.0,558.0,208.0,185.0,222.0,255.0,99.0,91.0,91.0,61.0,272.0,241.0,82.0,129.0,127.0,166.0,175.0,184.0,477.0,529.0,,
203944,Julius Randle,1994-11-29T00:00:00,Forward-Center,,6-9,250,2014-15,2015-16,14.0,2286.0,2.0,919.0,0.0,144.0,0.0,829.0,0.0,53.0,0.0,10.0,0.0,36.0,0.0,193.0,2.0,270.0,1.0,358.0,3.0,835.0,,
203917,Nik Stauskas,1993-10-07T00:00:00,Guard,,6-6,207,2014-15,2015-16,1127.0,1809.0,319.0,617.0,67.0,138.0,88.0,183.0,20.0,44.0,48.0,106.0,149.0,325.0,55.0,91.0,64.0,118.0,108.0,210.0,296.0,545.0,,
203943,Noah Vonleh,1995-08-24T00:00:00,Forward,,6-10,257,2014-15,2015-16,259.0,1174.0,83.0,283.0,4.0,30.0,86.0,305.0,4.0,27.0,5.0,11.0,13.0,46.0,18.0,38.0,26.0,51.0,30.0,117.0,76.0,278.0,,
203901,Elfrid Payton,1994-02-22T00:00:00,Guard,,6-3,195,2014-15,2015-16,2489.0,2145.0,731.0,778.0,533.0,467.0,349.0,261.0,142.0,89.0,11.0,30.0,42.0,92.0,118.0,112.0,214.0,190.0,301.0,318.0,708.0,730.0,,
203926,Doug McDermott,1992-01-03T00:00:00,Forward,,6-6,225,2014-15,2015-16,321.0,1861.0,109.0,764.0,6.0,59.0,43.0,195.0,4.0,14.0,13.0,110.0,41.0,259.0,10.0,72.0,15.0,84.0,43.0,291.0,107.0,644.0,,
203897,Zach LaVine,1995-03-10T00:00:00,Guard,,6-5,200,2014-15,2015-16,1902.0,2294.0,778.0,1150.0,276.0,251.0,214.0,228.0,54.0,69.0,57.0,123.0,167.0,316.0,149.0,161.0,177.0,203.0,286.0,433.0,677.0,959.0,,
203933,T.J. Warren,1993-09-05T00:00:00,Forward,,6-8,220,2014-15,2015-16,614.0,1070.0,245.0,515.0,25.0,44.0,85.0,147.0,18.0,37.0,5.0,28.0,21.0,70.0,14.0,45.0,19.0,64.0,113.0,221.0,214.0,441.0,,
203940,Adreian Payne,1991-02-19T00:00:00,Forward,,6-10,237,2014-15,2014-15,19.0,720.0,5.0,208.0,0.0,30.0,4.0,158.0,1.0,18.0,0.0,1.0,1.0,8.0,1.0,29.0,2.0,44.0,2.0,89.0,7.0,213.0,,
203923,James Young,1995-08-16T00:00:00,Guard-Forward,,6-6,215,2014-15,2015-16,332.0,199.0,105.0,29.0,13.0,9.0,42.0,26.0,8.0,6.0,17.0,6.0,66.0,26.0,16.0,1.0,29.0,4.0,36.0,11.0,102.0,36.0,,
203898,Tyler Ennis,1994-08-24T00:00:00,Guard,,6-3,194,2014-15,2014-15,58.0,353.0,22.0,99.0,14.0,59.0,7.0,28.0,0.0,18.0,2.0,10.0,6.0,37.0,2.0,3.0,2.0,5.0,9.0,43.0,21.0,123.0,,
203914,Gary Harris,1994-09-14T00:00:00,Guard,,6-4,210,2014-15,2015-16,719.0,2439.0,188.0,932.0,29.0,147.0,64.0,220.0,39.0,97.0,21.0,105.0,103.0,297.0,35.0,109.0,47.0,133.0,66.0,359.0,217.0,765.0,,
203998,Bruno Caboclo,1995-09-21T00:00:00,Forward,,6-9,218,2014-15,2015-16,23.0,43.0,10.0,3.0,0.0,1.0,2.0,2.0,0.0,2.0,2.0,1.0,3.0,7.0,0.0,0.0,0.0,0.0,4.0,1.0,12.0,12.0,,
203956,Mitch McGary,1992-06-06T00:00:00,Forward,,6-10,255,2014-15,2015-16,485.0,72.0,201.0,26.0,14.0,3.0,165.0,18.0,16.0,1.0,0.0,0.0,2.0,4.0,25.0,4.0,40.0,10.0,88.0,11.0,165.0,23.0,,
203919,Jordan Adams,1994-07-08T00:00:00,Guard,,6-5,209,2014-15,2015-16,248.0,15.0,94.0,7.0,16.0,3.0,28.0,2.0,16.0,3.0,10.0,0.0,25.0,1.0,14.0,3.0,23.0,5.0,35.0,2.0,86.0,6.0,,
203918,Rodney Hood,1992-10-20T00:00:00,Guard-Forward,,6-8,208,2014-15,2015-16,1064.0,2541.0,433.0,1149.0,83.0,213.0,117.0,267.0,30.0,73.0,62.0,161.0,170.0,449.0,61.0,172.0,80.0,200.0,155.0,408.0,374.0,972.0,,
203894,Shabazz Napier,1991-07-14T00:00:00,Guard,,6-0,175,2014-15,2015-16,1012.0,600.0,261.0,203.0,130.0,97.0,113.0,55.0,40.0,23.0,43.0,34.0,118.0,104.0,44.0,33.0,56.0,45.0,87.0,68.0,228.0,201.0,,
203991,Clint Capela,1994-05-18T00:00:00,Center,,6-10,256,2014-15,2015-16,90.0,1471.0,32.0,542.0,2.0,47.0,36.0,494.0,1.0,59.0,0.0,0.0,0.0,1.0,4.0,80.0,23.0,211.0,14.0,231.0,29.0,397.0,,
203912,C.J. Wilcox,1990-12-30T00:00:00,Guard,,6-5,195,2014-15,2015-16,101.0,167.0,41.0,70.0,8.0,10.0,7.0,12.0,3.0,10.0,7.0,9.0,19.0,23.0,2.0,9.0,2.0,12.0,16.0,26.0,38.0,66.0,,
203962,Josh Huestis,1991-12-19T00:00:00,Guard,,6-7,230,2015-16,2016-17,55.0,31.0,14.0,14.0,0.0,3.0,10.0,9.0,1.0,0.0,4.0,2.0,6.0,4.0,0.0,0.0,4.0,1.0,5.0,6.0,12.0,11.0,,
203937,Kyle Anderson,1993-09-20T00:00:00,Forward-Guard,,6-8,230,2014-15,2015-16,358.0,1245.0,74.0,350.0,28.0,123.0,72.0,244.0,15.0,60.0,3.0,12.0,11.0,37.0,9.0,62.0,14.0,83.0,31.0,138.0,89.0,295.0,,
1626157,Karl-Anthony Towns,1995-11-15T00:00:00,Center-Forward,,7-0,248,2015-16,2016-17,2627.0,3030.0,1503.0,2061.0,161.0,220.0,858.0,1007.0,58.0,56.0,30.0,101.0,88.0,275.0,223.0,356.0,275.0,428.0,625.0,802.0,1153.0,1480.0,,
1626156,D'Angelo Russell,1996-02-23T00:00:00,Guard,,6-3,193,2015-16,2016-17,2259.0,1811.0,1054.0,984.0,266.0,303.0,274.0,221.0,93.0,87.0,130.0,135.0,370.0,384.0,140.0,147.0,190.0,188.0,392.0,351.0,956.0,867.0,,
1626143,Jahlil Okafor,1995-12-15T00:00:00,Center-Forward,,6-10,270,2015-16,2016-17,1591.0,1134.0,928.0,590.0,65.0,58.0,373.0,240.0,22.0,20.0,1.0,0.0,6.0,0.0,133.0,106.0,194.0,158.0,397.0,242.0,781.0,471.0,,
1626209,Mario Hezonja,1995-02-25T00:00:00,Forward-Guard,,6-8,220,2015-16,2016-17,1413.0,960.0,478.0,317.0,109.0,62.0,176.0,146.0,39.0,30.0,67.0,43.0,192.0,144.0,49.0,40.0,54.0,50.0,181.0,117.0,418.0,330.0,,
1626161,Willie Cauley-Stein,1993-08-18T00:00:00,Center,,7-0,240,2015-16,2016-17,1412.0,1421.0,463.0,611.0,37.0,80.0,352.0,339.0,47.0,53.0,0.0,0.0,2.0,2.0,81.0,101.0,125.0,151.0,191.0,255.0,339.0,481.0,,
1626144,Emmanuel Mudiay,1996-03-05T00:00:00,Guard,,6-3,200,2015-16,2016-17,2068.0,1406.0,872.0,603.0,372.0,217.0,232.0,178.0,65.0,41.0,74.0,56.0,232.0,178.0,140.0,131.0,209.0,167.0,329.0,208.0,905.0,551.0,,
1626169,Stanley Johnson,1996-05-29T00:00:00,Forward-Guard,,6-6,242,2015-16,2016-17,1687.0,1371.0,593.0,339.0,118.0,105.0,306.0,189.0,55.0,56.0,63.0,45.0,205.0,154.0,80.0,36.0,102.0,53.0,225.0,129.0,600.0,365.0,,
1626163,Frank Kaminsky,1993-04-04T00:00:00,Forward-Center,,7-0,240,2015-16,2016-17,1708.0,1954.0,606.0,874.0,98.0,162.0,335.0,336.0,38.0,46.0,68.0,116.0,202.0,354.0,108.0,118.0,148.0,156.0,215.0,320.0,525.0,802.0,,
1626159,Justise Winslow,1996-03-26T00:00:00,Forward-Guard,,6-6,222,2015-16,2016-17,2232.0,625.0,502.0,196.0,118.0,66.0,403.0,94.0,68.0,26.0,32.0,7.0,116.0,35.0,80.0,29.0,117.0,47.0,195.0,80.0,462.0,225.0,,
1626167,Myles Turner,1996-03-24T00:00:00,Center-Forward,,6-11,250,2015-16,2016-17,1367.0,2541.0,619.0,1173.0,41.0,106.0,332.0,589.0,25.0,74.0,3.0,40.0,14.0,115.0,88.0,245.0,121.0,303.0,264.0,444.0,530.0,869.0,,
1626168,Trey Lyles,1995-11-05T00:00:00,Forward,,6-9,234,2015-16,2016-17,1382.0,1158.0,488.0,440.0,59.0,69.0,299.0,235.0,26.0,26.0,49.0,65.0,128.0,204.0,57.0,57.0,82.0,79.0,191.0,159.0,436.0,439.0,,
1626164,Devin Booker,1996-10-30T00:00:00,Guard,,6-5,206,2015-16,2016-17,2108.0,2731.0,1048.0,1726.0,200.0,268.0,187.0,249.0,44.0,72.0,99.0,147.0,289.0,405.0,215.0,367.0,256.0,441.0,367.0,606.0,867.0,1431.0,,
1626166,Cameron Payne,1994-08-08T00:00:00,Guard,,6-3,183,2015-16,2016-17,698.0,320.0,283.0,106.0,108.0,40.0,85.0,31.0,36.0,10.0,36.0,16.0,111.0,52.0,19.0,4.0,24.0,4.0,114.0,43.0,278.0,130.0,,
1626162,Kelly Oubre Jr.,1995-12-09T00:00:00,Forward-Guard,,6-8,203,2015-16,2016-17,671.0,1605.0,236.0,501.0,13.0,47.0,133.0,261.0,22.0,58.0,25.0,54.0,79.0,188.0,31.0,75.0,49.0,99.0,90.0,186.0,211.0,442.0,,
1626179,Terry Rozier,1994-03-17T00:00:00,Guard,,6-1,190,2015-16,2016-17,311.0,1263.0,72.0,410.0,37.0,131.0,63.0,227.0,6.0,45.0,6.0,57.0,27.0,179.0,8.0,51.0,10.0,66.0,29.0,151.0,106.0,411.0,,
1626173,Rashad Vaughn,1996-08-16T00:00:00,Guard,,6-6,202,2015-16,2016-17,1001.0,459.0,217.0,142.0,39.0,23.0,88.0,49.0,29.0,19.0,43.0,26.0,147.0,81.0,12.0,2.0,15.0,5.0,81.0,57.0,266.0,156.0,,
1626155,Sam Dekker,1994-05-06T00:00:00,Forward,,6-8,219,2015-16,2016-17,6.0,1419.0,0.0,504.0,0.0,76.0,1.0,284.0,1.0,38.0,0.0,60.0,0.0,187.0,0.0,38.0,0.0,68.0,0.0,203.0,0.0,429.0,,
1626170,Jerian Grant,1992-10-09T00:00:00,Guard,,6-4,198,2015-16,2016-17,1265.0,1028.0,426.0,370.0,177.0,121.0,143.0,111.0,50.0,47.0,22.0,49.0,100.0,134.0,96.0,65.0,123.0,73.0,154.0,128.0,391.0,301.0,,
1626153,Delon Wright,1992-04-26T00:00:00,Guard,,6-5,185,2015-16,2016-17,229.0,446.0,103.0,150.0,31.0,57.0,37.0,48.0,8.0,27.0,5.0,10.0,13.0,30.0,26.0,42.0,35.0,55.0,36.0,49.0,80.0,116.0,,
1626147,Justin Anderson,1993-11-19T00:00:00,Forward-Guard,,6-5,231,2015-16,2016-17,647.0,710.0,208.0,329.0,29.0,32.0,132.0,149.0,19.0,28.0,22.0,37.0,83.0,122.0,44.0,70.0,55.0,88.0,71.0,111.0,175.0,277.0,,
1626171,Bobby Portis,1995-02-10T00:00:00,Forward,,6-10,250,2015-16,2016-17,1102.0,1001.0,436.0,437.0,52.0,35.0,337.0,296.0,25.0,16.0,16.0,32.0,52.0,96.0,48.0,39.0,66.0,59.0,186.0,183.0,436.0,375.0,,
1626178,Rondae Hollis-Jefferson,1995-01-03T00:00:00,Forward,,6-6,217,2015-16,2016-17,615.0,1761.0,167.0,675.0,43.0,154.0,154.0,452.0,39.0,82.0,4.0,15.0,14.0,67.0,37.0,190.0,52.0,253.0,63.0,235.0,138.0,542.0,,
1626145,Tyus Jones,1996-05-10T00:00:00,Guard,,6-1,196,2015-16,2016-17,573.0,774.0,156.0,209.0,108.0,156.0,47.0,67.0,31.0,48.0,16.0,26.0,53.0,73.0,28.0,33.0,39.0,43.0,56.0,75.0,156.0,181.0,,
1626185,Jarell Martin,1994-05-24T00:00:00,Forward,,6-10,239,2015-16,2016-17,380.0,558.0,153.0,165.0,15.0,8.0,86.0,162.0,8.0,17.0,0.0,9.0,2.0,25.0,45.0,40.0,62.0,50.0,54.0,58.0,116.0,151.0,,
1626204,Larry Nance Jr.,1993-01-01T00:00:00,Forward-Center,,6-8,245,2015-16,2016-17,1266.0,1442.0,349.0,449.0,44.0,96.0,312.0,369.0,54.0,82.0,1.0,10.0,10.0,36.0,32.0,59.0,47.0,80.0,158.0,190.0,300.0,361.0,,
1626191,Chris McCullough,1995-02-05T00:00:00,Forward,,6-9,215,2015-16,2016-17,362.0,72.0,112.0,35.0,9.0,2.0,68.0,17.0,28.0,1.0,13.0,1.0,34.0,6.0,11.0,2.0,23.0,3.0,44.0,16.0,109.0,31.0,,
1626172,Kevon Looney,1996-02-06T00:00:00,Forward,,6-9,222,2015-16,2016-17,21.0,447.0,9.0,135.0,0.0,29.0,10.0,124.0,0.0,15.0,1.0,2.0,2.0,9.0,0.0,21.0,0.0,34.0,4.0,56.0,7.0,107.0,,
1627732,Ben Simmons,1996-07-20T00:00:00,Guard-Forward,,6-10,240,2017-18,2018-19,2732.0,2700.0,1279.0,1337.0,661.0,610.0,659.0,697.0,140.0,112.0,0.0,0.0,11.0,6.0,191.0,257.0,341.0,428.0,544.0,540.0,998.0,960.0,,
1627742,Brandon Ingram,1997-09-02T00:00:00,Forward,,6-8,190,2016-17,2017-18,2279.0,1975.0,740.0,949.0,166.0,230.0,316.0,314.0,50.0,45.0,55.0,41.0,187.0,105.0,133.0,192.0,214.0,282.0,276.0,358.0,686.0,761.0,,
1627759,Jaylen Brown,1996-10-24T00:00:00,Guard-Forward,,6-6,223,2016-17,2017-18,1341.0,2152.0,515.0,1017.0,64.0,114.0,220.0,346.0,35.0,70.0,46.0,121.0,134.0,306.0,85.0,150.0,124.0,233.0,192.0,373.0,422.0,803.0,,
1627733,Dragan Bender,1997-11-17T00:00:00,Forward,,7-0,249,2016-17,2017-18,574.0,2069.0,146.0,531.0,23.0,130.0,103.0,361.0,10.0,22.0,28.0,118.0,101.0,322.0,4.0,39.0,11.0,51.0,57.0,187.0,161.0,484.0,,
1627739,Kris Dunn,1994-03-18T00:00:00,Guard,,6-3,205,2016-17,2017-18,1333.0,1525.0,293.0,699.0,188.0,310.0,166.0,221.0,78.0,104.0,21.0,43.0,73.0,134.0,36.0,84.0,59.0,114.0,118.0,286.0,313.0,666.0,,
1627741,Buddy Hield,1992-12-17T00:00:00,Guard,,6-4,220,2016-17,2016-17,1161.0,727.0,488.0,378.0,77.0,44.0,166.0,103.0,18.0,20.0,89.0,59.0,241.0,138.0,29.0,35.0,33.0,43.0,185.0,142.0,471.0,296.0,,
1627750,Jamal Murray,1997-02-23T00:00:00,Guard,,6-4,215,2016-17,2017-18,1765.0,2565.0,811.0,1352.0,170.0,274.0,214.0,297.0,51.0,79.0,115.0,165.0,344.0,436.0,106.0,229.0,120.0,253.0,295.0,479.0,730.0,1062.0,,
1627737,Marquese Chriss,1997-07-02T00:00:00,Forward,,6-9,240,2016-17,2017-18,1743.0,1527.0,753.0,556.0,60.0,83.0,348.0,395.0,67.0,51.0,72.0,56.0,224.0,190.0,113.0,96.0,181.0,158.0,284.0,202.0,632.0,477.0,,
1627751,Jakob Poeltl,1995-10-15T00:00:00,Center,,7-0,253,2016-17,2017-18,626.0,1524.0,165.0,567.0,12.0,57.0,165.0,393.0,17.0,39.0,0.0,1.0,0.0,2.0,31.0,60.0,57.0,101.0,67.0,253.0,115.0,384.0,,
1627748,Thon Maker,1997-02-25T00:00:00,Forward-Center,,7-0,221,2016-17,2017-18,562.0,1238.0,226.0,356.0,23.0,46.0,114.0,225.0,10.0,38.0,28.0,31.0,74.0,104.0,32.0,65.0,49.0,93.0,83.0,130.0,181.0,316.0,,
1627734,Domantas Sabonis,1996-05-03T00:00:00,Forward-Center,,6-10,240,2016-17,2017-18,1631.0,1810.0,479.0,861.0,82.0,151.0,288.0,572.0,39.0,40.0,51.0,13.0,159.0,37.0,44.0,168.0,67.0,224.0,192.0,340.0,481.0,661.0,,
1627752,Taurean Prince,1994-03-22T00:00:00,Forward,,6-6,218,2016-17,2017-18,981.0,2464.0,335.0,1158.0,55.0,214.0,157.0,389.0,43.0,85.0,33.0,176.0,102.0,457.0,74.0,152.0,94.0,180.0,114.0,415.0,285.0,975.0,,
1627834,Georgios Papagiannis,1997-07-03T00:00:00,Center,,7-1,240,2016-17,2017-18,355.0,118.0,124.0,34.0,20.0,9.0,86.0,36.0,3.0,2.0,0.0,0.0,2.0,0.0,12.0,0.0,14.0,0.0,56.0,17.0,102.0,41.0,,
1627756,Denzel Valentine,1993-11-16T00:00:00,Guard,,6-4,220,2016-17,2017-18,977.0,2095.0,291.0,783.0,63.0,244.0,151.0,393.0,30.0,65.0,73.0,143.0,208.0,370.0,14.0,38.0,18.0,51.0,102.0,301.0,288.0,721.0,,
1627823,Juancho Hernangomez,1995-09-28T00:00:00,Forward,,6-9,214,2016-17,2017-18,842.0,277.0,305.0,82.0,29.0,12.0,187.0,54.0,30.0,6.0,46.0,14.0,113.0,50.0,57.0,10.0,76.0,12.0,101.0,29.0,224.0,75.0,,
1627824,Guerschon Yabusele,1995-12-17T00:00:00,Forward,,6-7,265,2017-18,2018-19,235.0,251.0,79.0,94.0,16.0,15.0,52.0,53.0,4.0,8.0,12.0,9.0,37.0,28.0,15.0,15.0,22.0,22.0,26.0,35.0,61.0,77.0,,
1627740,Henry Ellenson,1997-01-13T00:00:00,Forward-Center,,6-10,240,2016-17,2017-18,146.0,329.0,60.0,151.0,7.0,20.0,41.0,81.0,1.0,5.0,10.0,20.0,35.0,60.0,4.0,25.0,8.0,29.0,23.0,53.0,64.0,146.0,,
1627736,Malik Beasley,1996-11-26T00:00:00,Guard,,6-4,187,2016-17,2017-18,165.0,583.0,83.0,196.0,11.0,31.0,17.0,71.0,7.0,15.0,9.0,28.0,28.0,82.0,8.0,22.0,10.0,33.0,33.0,73.0,73.0,178.0,,
1627747,Caris LeVert,1994-08-25T00:00:00,Guard,,6-7,205,2016-17,2017-18,1237.0,1864.0,468.0,858.0,110.0,299.0,188.0,260.0,49.0,82.0,59.0,85.0,184.0,245.0,67.0,133.0,93.0,187.0,171.0,320.0,380.0,735.0,,
1627761,DeAndre' Bembry,1994-07-04T00:00:00,Guard-Forward,,6-5,210,2016-17,2017-18,371.0,455.0,101.0,136.0,28.0,49.0,59.0,72.0,8.0,21.0,1.0,11.0,18.0,30.0,6.0,19.0,16.0,33.0,47.0,53.0,98.0,128.0,,
1627781,Malachi Richardson,1996-01-05T00:00:00,Guard,,6-6,205,2016-17,2017-18,198.0,319.0,79.0,87.0,11.0,13.0,23.0,33.0,5.0,10.0,8.0,12.0,28.0,39.0,15.0,17.0,19.0,22.0,28.0,29.0,68.0,88.0,,
1627790,Ante Zizic,1997-01-04T00:00:00,Center,,6-10,266,2017-18,2018-19,214.0,1082.0,119.0,459.0,5.0,53.0,60.0,320.0,2.0,13.0,0.0,0.0,0.0,0.0,21.0,93.0,29.0,132.0,49.0,183.0,67.0,331.0,,
1627789,Timothe Luwawu-Cabarrot,1995-05-09T00:00:00,Guard-Forward,,6-7,215,2016-17,2017-18,1190.0,807.0,445.0,299.0,75.0,54.0,149.0,72.0,32.0,12.0,50.0,53.0,161.0,158.0,105.0,46.0,123.0,58.0,145.0,100.0,361.0,267.0,,
1627744,Brice Johnson,1994-06-27T00:00:00,Forward,,6-10,230,2016-17,2017-18,9.0,38.0,4.0,16.0,1.0,1.0,3.0,13.0,2.0,6.0,0.0,0.0,0.0,1.0,0.0,2.0,0.0,2.0,2.0,7.0,7.0,11.0,,
1627788,Furkan Korkmaz,1997-07-24T00:00:00,Guard-Forward,,6-7,202,2017-18,2018-19,80.0,679.0,23.0,279.0,4.0,52.0,11.0,107.0,2.0,29.0,5.0,47.0,17.0,144.0,2.0,36.0,4.0,44.0,8.0,98.0,28.0,245.0,,
1627783,Pascal Siakam,1994-04-02T00:00:00,Forward,,6-8,245,2016-17,2017-18,859.0,1679.0,229.0,589.0,17.0,159.0,185.0,364.0,26.0,62.0,1.0,29.0,7.0,132.0,22.0,54.0,32.0,87.0,103.0,253.0,205.0,498.0,,
1627746,Skal Labissiere,1996-03-18T00:00:00,Forward-Center,,6-10,235,2016-17,2017-18,612.0,1240.0,289.0,523.0,27.0,72.0,162.0,287.0,16.0,25.0,3.0,18.0,8.0,51.0,52.0,95.0,74.0,118.0,117.0,205.0,218.0,458.0,,
1627749,Dejounte Murray,1996-09-19T00:00:00,Guard,,6-4,180,2016-17,2017-18,322.0,1743.0,130.0,654.0,48.0,231.0,42.0,459.0,8.0,97.0,9.0,9.0,23.0,34.0,21.0,105.0,30.0,148.0,50.0,270.0,116.0,609.0,,
1627745,Damian Jones,1995-06-30T00:00:00,Center,,6-10,245,2016-17,2017-18,85.0,89.0,19.0,25.0,0.0,2.0,23.0,14.0,1.0,1.0,0.0,0.0,0.0,0.0,3.0,3.0,10.0,5.0,8.0,11.0,16.0,22.0,,
1628365,Markelle Fultz,1998-05-29T00:00:00,Guard,,6-4,209,2017-18,2018-19,253.0,427.0,100.0,155.0,53.0,59.0,43.0,70.0,12.0,17.0,0.0,4.0,1.0,14.0,10.0,21.0,21.0,37.0,45.0,65.0,111.0,155.0,,
1628366,Lonzo Ball,1997-10-27T00:00:00,Guard,,6-6,190,2017-18,2018-19,1780.0,1423.0,528.0,465.0,376.0,255.0,360.0,251.0,88.0,69.0,90.0,75.0,295.0,228.0,32.0,20.0,71.0,48.0,203.0,185.0,564.0,456.0,,
1628369,Jayson Tatum,1998-03-03T00:00:00,Forward-Guard,,6-8,210,2017-18,2018-19,2443.0,2455.0,1112.0,1243.0,128.0,168.0,402.0,477.0,83.0,84.0,105.0,116.0,242.0,311.0,213.0,195.0,258.0,228.0,397.0,466.0,835.0,1036.0,,
1628367,Josh Jackson,1997-02-10T00:00:00,Guard-Forward,,6-8,207,2017-18,2018-19,1959.0,1988.0,1012.0,910.0,119.0,183.0,351.0,347.0,80.0,74.0,57.0,73.0,217.0,225.0,177.0,143.0,279.0,213.0,389.0,347.0,932.0,841.0,,
1628368,De'Aaron Fox,1997-12-20T00:00:00,Guard,,6-3,185,2017-18,2018-19,2026.0,2546.0,844.0,1399.0,320.0,590.0,204.0,304.0,70.0,133.0,47.0,86.0,153.0,232.0,141.0,303.0,195.0,417.0,328.0,505.0,797.0,1102.0,,
1628371,Jonathan Isaac,1997-10-03T00:00:00,Forward,,6-10,230,2017-18,2018-19,535.0,1996.0,145.0,720.0,18.0,80.0,99.0,411.0,33.0,59.0,16.0,86.0,46.0,266.0,19.0,110.0,25.0,135.0,55.0,262.0,145.0,611.0,,
1628374,Lauri Markkanen,1997-05-22T00:00:00,Forward-Center,,7-1,240,2017-18,2018-19,2020.0,1682.0,1033.0,974.0,79.0,75.0,508.0,470.0,39.0,37.0,145.0,120.0,401.0,332.0,140.0,170.0,166.0,195.0,374.0,342.0,862.0,795.0,,
1628373,Frank Ntilikina,1998-07-28T00:00:00,Guard,,6-4,200,2017-18,2018-19,1706.0,904.0,463.0,246.0,250.0,121.0,177.0,87.0,65.0,30.0,50.0,33.0,157.0,115.0,49.0,23.0,68.0,30.0,182.0,95.0,500.0,282.0,,
1628372,Dennis Smith Jr.,1997-11-25T00:00:00,Guard,,6-2,205,2017-18,2018-19,2049.0,908.0,1048.0,414.0,358.0,138.0,260.0,97.0,71.0,40.0,106.0,43.0,339.0,125.0,134.0,57.0,193.0,82.0,404.0,157.0,1024.0,357.0,,
1628380,Zach Collins,1997-11-19T00:00:00,Forward-Center,,6-11,250,2017-18,2018-19,1045.0,1356.0,292.0,512.0,52.0,71.0,221.0,324.0,17.0,25.0,35.0,40.0,113.0,121.0,27.0,94.0,42.0,126.0,115.0,189.0,289.0,400.0,,
1628370,Malik Monk,1998-02-04T00:00:00,Guard,,6-3,200,2017-18,2018-19,854.0,1258.0,421.0,653.0,91.0,117.0,66.0,137.0,20.0,37.0,83.0,109.0,243.0,330.0,32.0,90.0,38.0,102.0,153.0,227.0,425.0,586.0,,
1628379,Luke Kennard,1996-06-24T00:00:00,Guard,,6-5,206,2017-18,2018-19,1463.0,1437.0,558.0,613.0,124.0,114.0,176.0,183.0,44.0,26.0,81.0,106.0,195.0,269.0,65.0,51.0,76.0,61.0,206.0,228.0,465.0,520.0,,
1628378,Donovan Mitchell,1996-09-07T00:00:00,Guard,,6-3,215,2017-18,2018-19,2638.0,2598.0,1616.0,1829.0,291.0,322.0,296.0,316.0,118.0,106.0,187.0,188.0,550.0,519.0,239.0,319.0,297.0,396.0,595.0,661.0,1362.0,1530.0,,
1628389,Bam Adebayo,1997-07-18T00:00:00,Center-Forward,,6-9,255,2017-18,2018-19,1368.0,1913.0,477.0,729.0,101.0,184.0,381.0,597.0,32.0,71.0,0.0,3.0,7.0,15.0,129.0,166.0,179.0,226.0,174.0,280.0,340.0,486.0,,
1628382,Justin Jackson,1995-03-28T00:00:00,Forward,,6-8,220,2017-18,2018-19,1506.0,1083.0,453.0,346.0,74.0,68.0,187.0,146.0,28.0,23.0,57.0,55.0,185.0,159.0,26.0,41.0,36.0,50.0,185.0,125.0,419.0,295.0,,
1628383,Justin Patton,1997-06-14T00:00:00,Center,,6-11,241,2017-18,2018-19,4.0,21.0,2.0,5.0,0.0,3.0,0.0,6.0,1.0,2.0,0.0,0.0,0.0,2.0,0.0,1.0,0.0,2.0,1.0,2.0,2.0,7.0,,
1628391,D.J. Wilson,1996-02-19T00:00:00,Forward,,6-10,231,2017-18,2018-19,71.0,882.0,21.0,280.0,3.0,52.0,10.0,222.0,3.0,18.0,2.0,46.0,5.0,127.0,1.0,26.0,2.0,47.0,9.0,104.0,16.0,251.0,,
1628388,T.J. Leaf,1997-04-30T00:00:00,Forward,,6-10,222,2017-18,2018-19,459.0,522.0,156.0,225.0,9.0,24.0,82.0,125.0,5.0,9.0,18.0,8.0,42.0,31.0,10.0,19.0,16.0,31.0,64.0,99.0,136.0,183.0,,
1628381,John Collins,1997-09-23T00:00:00,Forward-Center,,6-9,226,2017-18,2018-19,1785.0,1828.0,777.0,1188.0,98.0,121.0,541.0,595.0,47.0,22.0,16.0,55.0,47.0,158.0,133.0,203.0,186.0,266.0,314.0,465.0,545.0,831.0,,
1628390,Terrance Ferguson,1998-05-17T00:00:00,Guard,,6-6,190,2017-18,2018-19,763.0,1931.0,189.0,513.0,19.0,72.0,47.0,141.0,24.0,40.0,40.0,106.0,120.0,290.0,9.0,37.0,10.0,51.0,70.0,185.0,169.0,431.0,,
1628386,Jarrett Allen,1998-04-21T00:00:00,Center,,6-9,243,2017-18,2018-19,1441.0,2096.0,587.0,873.0,49.0,110.0,388.0,672.0,28.0,43.0,5.0,6.0,15.0,45.0,114.0,197.0,147.0,278.0,234.0,335.0,397.0,568.0,,
1628384,OG Anunoby,1997-07-17T00:00:00,Forward-Guard,,6-7,240,2017-18,2018-19,1481.0,1352.0,438.0,469.0,55.0,47.0,184.0,197.0,52.0,46.0,73.0,67.0,197.0,202.0,39.0,36.0,62.0,62.0,163.0,183.0,346.0,404.0,,
1628399,Tyler Lydon,1996-04-09T00:00:00,Forward,,6-10,225,2017-18,2018-19,2.0,94.0,0.0,23.0,0.0,6.0,0.0,18.0,0.0,2.0,0.0,4.0,0.0,10.0,0.0,1.0,0.0,3.0,0.0,9.0,0.0,18.0,,
1628403,Caleb Swanigan,1997-04-18T00:00:00,Forward,,6-9,260,2017-18,2018-19,189.0,145.0,61.0,35.0,14.0,7.0,54.0,52.0,5.0,4.0,1.0,1.0,8.0,5.0,12.0,6.0,18.0,7.0,24.0,14.0,60.0,44.0,,
1628398,Kyle Kuzma,1995-07-24T00:00:00,Forward,,6-9,221,2017-18,2018-19,2401.0,2314.0,1242.0,1308.0,141.0,178.0,483.0,382.0,49.0,41.0,159.0,128.0,434.0,422.0,147.0,188.0,208.0,250.0,468.0,496.0,1039.0,1087.0,,
1628396,Tony Bradley,1998-01-08T00:00:00,Center-Forward,,6-10,248,2017-18,2018-19,29.0,36.0,8.0,17.0,1.0,1.0,11.0,15.0,0.0,2.0,0.0,0.0,1.0,0.0,2.0,1.0,2.0,2.0,3.0,8.0,11.0,16.0,,
1628401,Derrick White,1994-07-02T00:00:00,Guard,,6-4,190,2017-18,2018-19,139.0,1728.0,54.0,663.0,9.0,263.0,26.0,247.0,4.0,67.0,8.0,48.0,13.0,142.0,14.0,95.0,20.0,123.0,16.0,260.0,33.0,543.0,,
1628404,Josh Hart,1995-03-06T00:00:00,Guard,,6-5,215,2017-18,2018-19,1461.0,1715.0,496.0,525.0,80.0,93.0,263.0,248.0,47.0,64.0,78.0,92.0,197.0,274.0,66.0,55.0,94.0,80.0,176.0,189.0,375.0,464.0,,
1629028,Deandre Ayton,1998-07-23T00:00:00,Center,,7-0,252,2018-19,2019-20,2183.0,1236.0,1159.0,690.0,125.0,72.0,729.0,436.0,61.0,26.0,0.0,3.0,4.0,13.0,141.0,67.0,189.0,89.0,509.0,310.0,870.0,568.0,,
1628963,Marvin Bagley III,1999-03-14T00:00:00,Forward,,6-10,235,2018-19,2019-20,1568.0,334.0,923.0,185.0,62.0,10.0,471.0,97.0,33.0,6.0,30.0,4.0,96.0,22.0,181.0,25.0,262.0,31.0,356.0,78.0,706.0,167.0,,
1628991,Jaren Jackson Jr.,1999-09-15T00:00:00,Forward-Center,,6-10,242,2018-19,2019-20,1515.0,1622.0,798.0,990.0,64.0,78.0,272.0,262.0,52.0,40.0,51.0,145.0,142.0,368.0,151.0,139.0,197.0,186.0,298.0,353.0,589.0,753.0,,
1629027,Trae Young,1998-09-19T00:00:00,Guard,,6-1,164,2018-19,2019-20,2503.0,2120.0,1549.0,1778.0,653.0,560.0,301.0,255.0,72.0,65.0,156.0,205.0,482.0,568.0,343.0,481.0,414.0,559.0,525.0,546.0,1256.0,1249.0,,
1628964,Mo Bamba,1998-05-12T00:00:00,Center,,7-0,231,2018-19,2019-20,766.0,878.0,292.0,332.0,39.0,42.0,233.0,302.0,13.0,23.0,21.0,37.0,70.0,107.0,37.0,31.0,63.0,46.0,117.0,132.0,243.0,286.0,,
1628976,Wendell Carter Jr.,1999-04-16T00:00:00,Center-Forward,,6-10,270,2018-19,2019-20,1110.0,1256.0,455.0,484.0,78.0,51.0,307.0,405.0,26.0,33.0,6.0,6.0,32.0,29.0,89.0,112.0,112.0,152.0,180.0,183.0,371.0,343.0,,
1629012,Collin Sexton,1999-01-04T00:00:00,Guard,,6-3,190,2018-19,2019-20,2605.0,2143.0,1371.0,1349.0,243.0,192.0,236.0,204.0,44.0,65.0,119.0,97.0,296.0,255.0,214.0,226.0,255.0,267.0,519.0,513.0,1206.0,1086.0,,
1628969,Mikal Bridges,1996-08-30T00:00:00,Guard-Forward,,6-6,209,2018-19,2019-20,2417.0,2042.0,684.0,667.0,173.0,129.0,264.0,292.0,129.0,102.0,105.0,70.0,313.0,194.0,95.0,103.0,118.0,122.0,242.0,247.0,563.0,484.0,,
1628983,Shai Gilgeous-Alexander,1998-07-12T00:00:00,Guard,,6-6,195,2018-19,2019-20,2174.0,2428.0,889.0,1331.0,270.0,232.0,232.0,412.0,96.0,79.0,51.0,87.0,139.0,251.0,156.0,288.0,195.0,357.0,341.0,478.0,716.0,1015.0,,
1628970,Miles Bridges,1998-03-21T00:00:00,Forward,,6-7,225,2018-19,2019-20,1696.0,1996.0,597.0,843.0,95.0,114.0,323.0,362.0,55.0,40.0,65.0,99.0,200.0,300.0,58.0,106.0,77.0,131.0,237.0,319.0,511.0,753.0,,
1629010,Jerome Robinson,1997-02-22T00:00:00,Guard,,6-5,190,2018-19,2019-20,321.0,476.0,112.0,122.0,19.0,46.0,41.0,60.0,11.0,13.0,18.0,19.0,57.0,67.0,6.0,11.0,9.0,19.0,44.0,46.0,110.0,136.0,,
1629008,Michael Porter Jr.,1998-06-29T00:00:00,Forward,,6-10,218,2019-20,2020-21,903.0,1912.0,512.0,1162.0,46.0,70.0,259.0,445.0,27.0,40.0,62.0,170.0,147.0,382.0,60.0,106.0,72.0,134.0,195.0,443.0,383.0,817.0,,
1628972,Troy Brown Jr.,1999-07-28T00:00:00,Guard-Forward,,6-7,215,2018-19,2019-20,730.0,1782.0,248.0,716.0,80.0,178.0,145.0,383.0,21.0,85.0,22.0,61.0,69.0,179.0,32.0,109.0,47.0,139.0,97.0,273.0,234.0,622.0,,
1629015,Zhaire Smith,1999-06-04T00:00:00,Guard,,6-3,205,2018-19,2019-20,111.0,32.0,40.0,8.0,10.0,2.0,13.0,2.0,2.0,3.0,6.0,0.0,16.0,3.0,6.0,2.0,8.0,4.0,14.0,3.0,34.0,11.0,,
1628978,Donte DiVincenzo,1997-01-31T00:00:00,Guard,,6-4,203,2018-19,2019-20,411.0,1520.0,131.0,610.0,31.0,154.0,65.0,318.0,13.0,85.0,22.0,83.0,83.0,247.0,9.0,63.0,12.0,86.0,50.0,232.0,124.0,510.0,,
1629022,Lonnie Walker IV,1998-12-14T00:00:00,Guard-Forward,,6-4,204,2018-19,2019-20,118.0,988.0,45.0,389.0,9.0,68.0,17.0,139.0,7.0,32.0,5.0,41.0,13.0,101.0,8.0,44.0,10.0,61.0,16.0,152.0,46.0,357.0,,
1628989,Kevin Huerter,1998-08-27T00:00:00,Guard-Forward,,6-7,198,2018-19,2019-20,2049.0,1760.0,727.0,684.0,214.0,213.0,245.0,228.0,65.0,51.0,136.0,127.0,353.0,334.0,41.0,53.0,56.0,64.0,275.0,252.0,657.0,610.0,,
1629006,Josh Okogie,1998-09-01T00:00:00,Guard,,6-4,213,2018-19,2019-20,1757.0,1547.0,570.0,533.0,91.0,99.0,218.0,268.0,88.0,68.0,60.0,41.0,215.0,154.0,118.0,152.0,162.0,191.0,196.0,170.0,508.0,398.0,,
1628960,Grayson Allen,1995-10-08T00:00:00,Guard,,6-3,198,2018-19,2019-20,416.0,718.0,211.0,330.0,25.0,52.0,23.0,85.0,6.0,10.0,32.0,57.0,99.0,141.0,45.0,39.0,60.0,45.0,67.0,117.0,178.0,251.0,,
1628990,Chandler Hutchison,1996-04-26T00:00:00,Forward-Guard,,6-6,210,2018-19,2019-20,895.0,527.0,229.0,218.0,34.0,26.0,185.0,108.0,23.0,27.0,14.0,12.0,50.0,38.0,23.0,46.0,38.0,78.0,96.0,80.0,209.0,175.0,,
1628988,Aaron Holiday,1996-09-30T00:00:00,Guard,,6-0,185,2018-19,2019-20,646.0,1617.0,294.0,627.0,87.0,225.0,67.0,156.0,21.0,55.0,43.0,87.0,127.0,221.0,41.0,74.0,50.0,87.0,105.0,233.0,262.0,563.0,,
1629014,Anfernee Simons,1999-06-08T00:00:00,Guard,,6-3,200,2018-19,2019-20,141.0,1449.0,75.0,579.0,13.0,97.0,13.0,152.0,1.0,26.0,10.0,75.0,29.0,226.0,9.0,76.0,16.0,92.0,28.0,214.0,63.0,536.0,,
1629021,Moritz Wagner,1997-04-26T00:00:00,Forward-Center,,6-11,245,2018-19,2019-20,446.0,835.0,207.0,393.0,24.0,56.0,85.0,219.0,11.0,28.0,22.0,25.0,77.0,80.0,43.0,78.0,53.0,95.0,71.0,145.0,171.0,266.0,,
1629013,Landry Shamet,1997-03-13T00:00:00,Guard,,6-5,190,2018-19,2018-19,1108.0,694.0,449.0,273.0,59.0,58.0,78.0,56.0,24.0,13.0,99.0,68.0,245.0,151.0,44.0,31.0,54.0,39.0,153.0,87.0,347.0,210.0,,
1628980,Jacob Evans,1997-06-18T00:00:00,Guard-Forward,,6-4,210,2018-19,2019-20,204.0,414.0,40.0,128.0,23.0,31.0,25.0,41.0,5.0,11.0,4.0,13.0,15.0,38.0,0.0,25.0,1.0,29.0,18.0,45.0,53.0,133.0,,
1629058,Dzanan Musa,1999-05-08T00:00:00,Guard-Forward,,6-9,217,2018-19,2019-20,39.0,487.0,19.0,192.0,2.0,43.0,5.0,86.0,2.0,15.0,1.0,19.0,10.0,78.0,0.0,45.0,2.0,60.0,9.0,64.0,22.0,172.0,,
1629016,Omari Spellman,1997-07-21T00:00:00,Forward,,6-8,245,2018-19,2019-20,805.0,886.0,272.0,370.0,47.0,47.0,194.0,219.0,26.0,33.0,44.0,43.0,128.0,110.0,32.0,73.0,45.0,92.0,98.0,127.0,244.0,295.0,,
1629627,Zion Williamson,2000-07-06T00:00:00,Forward,,6-6,284,2019-20,2020-21,668.0,2026.0,540.0,1647.0,50.0,226.0,150.0,441.0,16.0,57.0,6.0,10.0,14.0,34.0,114.0,369.0,178.0,529.0,210.0,634.0,360.0,1037.0,,
1629630,Ja Morant,1999-08-10T00:00:00,Guard,,6-2,174,2019-20,2020-21,2074.0,2053.0,1193.0,1204.0,488.0,465.0,259.0,252.0,58.0,57.0,60.0,73.0,179.0,241.0,239.0,271.0,308.0,372.0,447.0,430.0,937.0,957.0,,
1629628,RJ Barrett,2000-06-14T00:00:00,Forward-Guard,,6-6,214,2019-20,2020-21,1704.0,2511.0,803.0,1264.0,143.0,217.0,279.0,414.0,55.0,53.0,63.0,124.0,197.0,309.0,156.0,206.0,254.0,276.0,292.0,467.0,727.0,1060.0,,
1629631,De'Andre Hunter,1997-12-02T00:00:00,Forward-Guard,,6-8,221,2019-20,2020-21,2018.0,678.0,778.0,344.0,112.0,44.0,286.0,110.0,44.0,19.0,108.0,31.0,304.0,95.0,110.0,73.0,144.0,85.0,280.0,120.0,683.0,248.0,,
1629636,Darius Garland,2000-01-26T00:00:00,Guard,,6-1,192,2019-20,2020-21,1824.0,1790.0,728.0,941.0,229.0,329.0,111.0,129.0,42.0,66.0,105.0,105.0,296.0,266.0,63.0,112.0,72.0,132.0,280.0,362.0,699.0,802.0,,
1629633,Jarrett Culver,1999-02-20T00:00:00,Guard-Forward,,6-6,195,2019-20,2020-21,1506.0,499.0,580.0,180.0,110.0,24.0,212.0,104.0,57.0,17.0,66.0,13.0,221.0,53.0,54.0,29.0,117.0,48.0,230.0,69.0,569.0,168.0,,
1629632,Coby White,2000-02-16T00:00:00,Guard,,6-5,195,2019-20,2020-21,1674.0,2156.0,859.0,1041.0,175.0,328.0,230.0,284.0,49.0,38.0,133.0,163.0,376.0,454.0,102.0,128.0,129.0,142.0,312.0,375.0,792.0,902.0,,
1629637,Jaxson Hayes,2000-05-23T00:00:00,Center-Forward,,7-0,220,2019-20,2020-21,1080.0,964.0,472.0,449.0,56.0,35.0,259.0,257.0,26.0,25.0,1.0,6.0,4.0,14.0,123.0,93.0,190.0,120.0,174.0,175.0,259.0,280.0,,
1629060,Rui Hachimura,1998-02-08T00:00:00,Forward,,6-8,230,2019-20,2020-21,1444.0,1797.0,649.0,789.0,87.0,82.0,294.0,312.0,37.0,44.0,25.0,45.0,87.0,137.0,116.0,124.0,140.0,161.0,254.0,310.0,545.0,648.0,,
1629629,Cam Reddish,1999-09-01T00:00:00,Forward-Guard,,6-7,217,2019-20,2020-21,1551.0,750.0,610.0,292.0,87.0,35.0,216.0,104.0,62.0,33.0,83.0,33.0,250.0,126.0,101.0,67.0,126.0,82.0,213.0,96.0,554.0,263.0,,
1629661,Cameron Johnson,1996-03-03T00:00:00,Forward,,6-8,210,2019-20,2020-21,1255.0,1437.0,504.0,573.0,69.0,86.0,187.0,199.0,36.0,37.0,106.0,117.0,272.0,335.0,46.0,50.0,57.0,59.0,176.0,203.0,405.0,483.0,,
1629023,P.J. Washington,1998-08-23T00:00:00,Forward,,6-7,230,2019-20,2020-21,1759.0,1954.0,710.0,824.0,123.0,161.0,316.0,418.0,51.0,69.0,86.0,112.0,230.0,290.0,88.0,108.0,136.0,145.0,268.0,302.0,589.0,686.0,,
1629639,Tyler Herro,2000-01-20T00:00:00,Guard,,6-5,195,2019-20,2020-21,1508.0,1635.0,743.0,815.0,121.0,184.0,224.0,268.0,34.0,35.0,116.0,107.0,298.0,297.0,87.0,94.0,100.0,117.0,270.0,307.0,631.0,699.0,,
1629641,Romeo Langford,1999-10-25T00:00:00,Guard-Forward,,6-5,216,2019-20,2020-21,370.0,283.0,79.0,56.0,13.0,13.0,41.0,35.0,8.0,6.0,5.0,5.0,27.0,18.0,18.0,9.0,25.0,12.0,28.0,21.0,80.0,59.0,,
1629635,Sekou Doumbouya,2000-12-23T00:00:00,Forward,,6-9,230,2019-20,2020-21,754.0,869.0,243.0,285.0,19.0,47.0,118.0,143.0,20.0,24.0,28.0,26.0,98.0,115.0,31.0,45.0,46.0,64.0,92.0,107.0,236.0,282.0,,
1629643,Chuma Okeke,1998-08-18T00:00:00,Forward,,6-7,229,2020-21,2021-22,1133.0,1749.0,349.0,605.0,101.0,118.0,181.0,347.0,48.0,97.0,49.0,118.0,141.0,371.0,30.0,55.0,40.0,65.0,135.0,216.0,324.0,575.0,,
1629638,Nickeil Alexander-Walker,1998-09-02T00:00:00,Guard,,6-5,205,2019-20,2020-21,591.0,1007.0,267.0,508.0,89.0,102.0,84.0,144.0,17.0,47.0,46.0,76.0,133.0,219.0,25.0,48.0,37.0,66.0,98.0,192.0,266.0,458.0,,
1629048,Goga Bitadze,1999-07-20T00:00:00,Center-Forward,,6-10,250,2019-20,2020-21,471.0,561.0,172.0,231.0,23.0,37.0,106.0,150.0,10.0,9.0,8.0,20.0,42.0,79.0,24.0,45.0,33.0,61.0,70.0,83.0,150.0,194.0,,
1629677,Luka Samanic,2000-01-09T00:00:00,Forward,,6-10,227,2019-20,2020-21,48.0,308.0,16.0,122.0,6.0,15.0,10.0,68.0,0.0,8.0,3.0,12.0,8.0,43.0,3.0,16.0,4.0,29.0,5.0,47.0,16.0,105.0,,
1629680,Matisse Thybulle,1997-03-04T00:00:00,Guard-Forward,,6-5,202,2019-20,2020-21,1287.0,1298.0,305.0,255.0,79.0,63.0,107.0,124.0,93.0,105.0,56.0,43.0,157.0,143.0,25.0,8.0,41.0,18.0,112.0,102.0,265.0,243.0,,
1629634,Brandon Clarke,1996-09-19T00:00:00,Forward,,6-8,215,2019-20,2020-21,1300.0,1415.0,700.0,610.0,81.0,95.0,345.0,328.0,32.0,60.0,23.0,20.0,64.0,77.0,85.0,78.0,112.0,113.0,296.0,256.0,479.0,495.0,,
1629684,Grant Williams,1998-11-30T00:00:00,Forward,,6-6,236,2019-20,2020-21,1043.0,1138.0,237.0,294.0,68.0,64.0,178.0,178.0,30.0,32.0,24.0,48.0,96.0,129.0,39.0,30.0,54.0,51.0,87.0,108.0,211.0,247.0,,
1629647,Darius Bazley,2000-06-12T00:00:00,Forward,,6-9,216,2019-20,2020-21,1129.0,1714.0,342.0,754.0,41.0,99.0,246.0,396.0,23.0,29.0,49.0,83.0,141.0,286.0,43.0,125.0,62.0,178.0,125.0,273.0,317.0,690.0,,
1629660,Ty Jerome,1997-07-08T00:00:00,Guard-Forward,,6-5,195,2019-20,2020-21,328.0,788.0,102.0,353.0,44.0,120.0,46.0,91.0,15.0,20.0,14.0,71.0,50.0,168.0,12.0,26.0,16.0,34.0,38.0,128.0,113.0,287.0,,
1629642,Nassir Little,2000-02-11T00:00:00,Forward-Guard,,6-6,220,2019-20,2020-21,572.0,640.0,172.0,220.0,22.0,23.0,108.0,128.0,13.0,5.0,14.0,28.0,59.0,80.0,28.0,36.0,44.0,45.0,65.0,78.0,151.0,167.0,,
1629685,Dylan Windler,1996-09-22T00:00:00,Guard-Forward,,6-7,196,2020-21,2021-22,513.0,459.0,161.0,110.0,33.0,34.0,107.0,89.0,19.0,14.0,26.0,21.0,77.0,70.0,21.0,15.0,27.0,18.0,57.0,37.0,130.0,98.0,,
1629662,Mfiondu Kabengele,1997-08-14T00:00:00,Center,,6-10,250,2019-20,2020-21,64.0,94.0,42.0,27.0,2.0,5.0,11.0,14.0,2.0,2.0,9.0,4.0,20.0,18.0,5.0,5.0,5.0,6.0,14.0,9.0,32.0,32.0,,
1629673,Jordan Poole,1999-06-19T00:00:00,Guard,,6-4,194,2019-20,2020-21,1274.0,988.0,503.0,612.0,134.0,99.0,118.0,92.0,35.0,26.0,74.0,97.0,265.0,276.0,95.0,105.0,119.0,119.0,167.0,205.0,502.0,474.0,,
1629640,Keldon Johnson,1999-10-11T00:00:00,Forward-Guard,,6-6,220,2019-20,2020-21,301.0,1968.0,154.0,881.0,15.0,121.0,57.0,412.0,14.0,40.0,13.0,60.0,22.0,181.0,35.0,145.0,44.0,196.0,53.0,338.0,89.0,705.0,,
1629645,Kevin Porter Jr.,2000-05-04T00:00:00,Guard-Forward,,6-4,203,2019-20,2020-21,1162.0,836.0,498.0,431.0,109.0,164.0,162.0,99.0,46.0,19.0,53.0,50.0,158.0,161.0,73.0,69.0,101.0,94.0,186.0,156.0,421.0,367.0,,
1630162,Anthony Edwards,2001-08-05T00:00:00,Guard,,6-4,225,2020-21,2021-22,2314.0,2466.0,1392.0,1533.0,211.0,275.0,336.0,343.0,82.0,105.0,171.0,215.0,520.0,602.0,211.0,220.0,272.0,280.0,505.0,549.0,1211.0,1245.0,,
1630164,James Wiseman,2001-03-31T00:00:00,Center,,6-11,240,2020-21,2022-23,836.0,262.0,448.0,145.0,26.0,14.0,226.0,73.0,11.0,3.0,12.0,1.0,38.0,2.0,54.0,26.0,86.0,38.0,191.0,59.0,368.0,94.0,,
1630163,LaMelo Ball,2001-08-22T00:00:00,Guard,,6-7,180,2020-21,2021-22,1469.0,2422.0,803.0,1508.0,313.0,571.0,302.0,501.0,81.0,119.0,92.0,220.0,261.0,565.0,125.0,212.0,165.0,243.0,293.0,538.0,672.0,1254.0,,
1630172,Patrick Williams,2001-08-26T00:00:00,Forward,,6-7,215,2020-21,2021-22,1983.0,422.0,655.0,153.0,99.0,15.0,327.0,69.0,64.0,9.0,54.0,15.0,138.0,29.0,91.0,30.0,125.0,41.0,255.0,54.0,528.0,102.0,,
1630171,Isaac Okoro,2001-01-26T00:00:00,Forward-Guard,,6-5,225,2020-21,2021-22,2173.0,1981.0,646.0,588.0,128.0,121.0,206.0,201.0,62.0,56.0,62.0,55.0,214.0,157.0,114.0,119.0,157.0,155.0,235.0,207.0,559.0,431.0,,
1630168,Onyeka Okongwu,2000-12-11T00:00:00,Forward-Center,,6-10,240,2020-21,2021-22,601.0,992.0,228.0,392.0,18.0,53.0,163.0,283.0,23.0,31.0,0.0,0.0,3.0,0.0,36.0,80.0,57.0,110.0,96.0,156.0,149.0,226.0,,
1630165,Killian Hayes,2001-07-27T00:00:00,Guard,,6-5,195,2020-21,2021-22,670.0,1647.0,176.0,453.0,138.0,277.0,69.0,210.0,27.0,78.0,20.0,44.0,72.0,167.0,14.0,57.0,17.0,74.0,71.0,176.0,201.0,459.0,,
1630167,Obi Toppin,1998-03-04T00:00:00,Forward,,6-9,220,2020-21,2021-22,683.0,1230.0,253.0,648.0,29.0,77.0,138.0,268.0,17.0,25.0,26.0,52.0,85.0,169.0,19.0,94.0,26.0,124.0,104.0,251.0,209.0,473.0,,
1630166,Deni Avdija,2001-01-03T00:00:00,Forward,,6-9,228,2020-21,2021-22,1257.0,1984.0,342.0,685.0,63.0,167.0,262.0,425.0,32.0,59.0,53.0,82.0,168.0,259.0,29.0,103.0,45.0,136.0,130.0,250.0,312.0,579.0,,
1630188,Jalen Smith,2000-03-16T00:00:00,Forward-Center,,6-9,215,2020-21,2021-22,156.0,382.0,53.0,175.0,4.0,6.0,37.0,139.0,1.0,6.0,4.0,9.0,17.0,39.0,5.0,40.0,7.0,52.0,22.0,63.0,50.0,137.0,,
1630170,Devin Vassell,2000-08-23T00:00:00,Guard-Forward,,6-5,200,2020-21,2021-22,1056.0,1937.0,341.0,872.0,56.0,136.0,174.0,306.0,43.0,76.0,52.0,137.0,150.0,380.0,43.0,83.0,51.0,99.0,123.0,326.0,303.0,764.0,,
1630169,Tyrese Haliburton,2000-02-29T00:00:00,Guard,,6-5,185,2020-21,2021-22,1746.0,1757.0,753.0,727.0,309.0,379.0,173.0,199.0,77.0,86.0,121.0,104.0,296.0,252.0,48.0,87.0,56.0,104.0,292.0,268.0,619.0,586.0,,
1630184,Kira Lewis Jr.,2001-04-06T00:00:00,Guard,,6-1,170,2020-21,2021-22,904.0,341.0,343.0,141.0,124.0,49.0,71.0,39.0,38.0,11.0,40.0,13.0,120.0,58.0,43.0,10.0,51.0,12.0,130.0,59.0,337.0,146.0,,
1630174,Aaron Nesmith,1999-10-16T00:00:00,Guard-Forward,,6-5,215,2020-21,2021-22,669.0,574.0,218.0,196.0,23.0,22.0,127.0,89.0,15.0,20.0,40.0,31.0,108.0,115.0,22.0,21.0,28.0,26.0,78.0,72.0,178.0,182.0,,
1630175,Cole Anthony,2000-05-15T00:00:00,Guard,,6-2,185,2020-21,2021-22,1273.0,2059.0,605.0,1062.0,192.0,369.0,221.0,348.0,30.0,46.0,58.0,132.0,172.0,391.0,109.0,216.0,131.0,253.0,219.0,357.0,552.0,912.0,,
1630191,Isaiah Stewart,2001-05-22T00:00:00,Forward-Center,,6-8,250,2020-21,2021-22,1455.0,1816.0,537.0,589.0,59.0,82.0,453.0,617.0,39.0,22.0,21.0,15.0,63.0,46.0,64.0,74.0,92.0,103.0,226.0,250.0,409.0,490.0,,
1630197,Aleksej Pokusevski,2001-12-26T00:00:00,Forward,,7-0,210,2020-21,2021-22,1090.0,1233.0,367.0,464.0,97.0,131.0,212.0,318.0,20.0,39.0,58.0,57.0,207.0,197.0,31.0,35.0,42.0,50.0,139.0,186.0,408.0,456.0,,
1630182,Josh Green,2000-11-16T00:00:00,Guard,,6-5,200,2020-21,2021-22,445.0,1039.0,101.0,319.0,28.0,79.0,78.0,161.0,16.0,45.0,4.0,28.0,25.0,78.0,13.0,31.0,23.0,45.0,42.0,130.0,93.0,256.0,,
1630180,Saddiq Bey,1999-04-09T00:00:00,Guard-Forward,,6-8,215,2020-21,2021-22,1909.0,2704.0,857.0,1321.0,95.0,233.0,318.0,441.0,52.0,73.0,175.0,211.0,460.0,610.0,124.0,210.0,147.0,254.0,279.0,450.0,691.0,1136.0,,
1630173,Precious Achiuwa,1999-09-19T00:00:00,Forward,,6-8,243,2020-21,2021-22,737.0,1725.0,304.0,664.0,29.0,82.0,208.0,473.0,20.0,37.0,0.0,56.0,1.0,156.0,56.0,78.0,110.0,131.0,124.0,265.0,228.0,603.0,,
1630178,Tyrese Maxey,2000-11-04T00:00:00,Guard,,6-2,200,2020-21,2021-22,936.0,2650.0,488.0,1311.0,120.0,321.0,104.0,240.0,26.0,55.0,31.0,132.0,103.0,309.0,61.0,213.0,70.0,246.0,198.0,483.0,429.0,995.0,,
1630192,Zeke Nnaji,2001-01-09T00:00:00,Forward-Center,,6-9,240,2020-21,2021-22,397.0,698.0,136.0,270.0,10.0,17.0,65.0,147.0,8.0,16.0,24.0,37.0,59.0,80.0,12.0,41.0,15.0,65.0,50.0,96.0,104.0,186.0,,
1630195,Leandro Bolmaro,2000-09-11T00:00:00,Forward,,6-6,200,2021-22,2022-23,241.0,68.0,50.0,6.0,21.0,7.0,43.0,7.0,6.0,3.0,5.0,0.0,18.0,4.0,11.0,0.0,13.0,0.0,17.0,3.0,54.0,20.0,,
1630181,R.J. Hampton,2001-02-07T00:00:00,Guard,,6-4,175,2020-21,2020-21,233.0,655.0,64.0,290.0,14.0,73.0,50.0,129.0,5.0,16.0,5.0,22.0,18.0,69.0,9.0,46.0,12.0,70.0,25.0,111.0,60.0,253.0,,
1630193,Immanuel Quickley,1999-06-17T00:00:00,Guard,,6-2,190,2020-21,2021-22,1244.0,1802.0,731.0,882.0,127.0,275.0,137.0,247.0,30.0,54.0,118.0,137.0,303.0,396.0,155.0,177.0,174.0,201.0,229.0,284.0,580.0,724.0,,
1630202,Payton Pritchard,1998-01-28T00:00:00,Guard,,6-1,195,2020-21,2021-22,1268.0,1001.0,510.0,442.0,120.0,139.0,158.0,134.0,37.0,25.0,102.0,101.0,248.0,245.0,40.0,21.0,45.0,21.0,184.0,160.0,418.0,373.0,,
1628962,Udoka Azubuike,1999-09-17T00:00:00,Center-Forward,,6-11,270,2020-21,2021-22,57.0,195.0,16.0,80.0,0.0,0.0,13.0,71.0,1.0,1.0,0.0,0.0,0.0,0.0,8.0,6.0,10.0,11.0,4.0,37.0,9.0,49.0,,
1630183,Jaden McDaniels,2000-09-29T00:00:00,Forward,,6-9,185,2020-21,2021-22,1511.0,1803.0,427.0,647.0,71.0,79.0,232.0,293.0,35.0,52.0,72.0,80.0,198.0,252.0,27.0,57.0,45.0,71.0,164.0,255.0,367.0,554.0,,
1630201,Malachi Flynn,1998-05-09T00:00:00,Guard,,6-1,185,2020-21,2021-22,928.0,537.0,353.0,189.0,137.0,70.0,116.0,63.0,38.0,20.0,54.0,30.0,168.0,90.0,45.0,15.0,56.0,24.0,127.0,72.0,340.0,183.0,,
1630217,Desmond Bane,1998-06-25T00:00:00,Guard,,6-5,215,2020-21,2021-22,1519.0,2266.0,625.0,1384.0,118.0,208.0,210.0,334.0,41.0,92.0,117.0,228.0,271.0,523.0,40.0,140.0,49.0,155.0,234.0,508.0,499.0,1101.0,,
1630595,Cade Cunningham,2001-09-25T00:00:00,Guard,,6-6,220,2021-22,2022-23,2088.0,400.0,1114.0,239.0,356.0,72.0,354.0,74.0,78.0,10.0,114.0,17.0,363.0,61.0,142.0,36.0,168.0,43.0,429.0,93.0,1031.0,224.0,,
1630224,Jalen Green,2002-02-09T00:00:00,Guard,,6-4,186,2021-22,2022-23,2138.0,2602.0,1157.0,1683.0,176.0,281.0,226.0,284.0,44.0,59.0,157.0,187.0,458.0,554.0,188.0,364.0,236.0,463.0,406.0,566.0,954.0,1359.0,,
1630596,Evan Mobley,2001-06-18T00:00:00,Center,,6-11,215,2021-22,2022-23,2331.0,2715.0,1034.0,1277.0,174.0,224.0,570.0,711.0,56.0,60.0,23.0,22.0,92.0,102.0,167.0,205.0,252.0,304.0,422.0,525.0,830.0,947.0,,
1630567,Scottie Barnes,2001-08-01T00:00:00,Forward-Guard,,6-8,237,2021-22,2022-23,2617.0,2678.0,1134.0,1179.0,256.0,371.0,557.0,512.0,80.0,83.0,58.0,63.0,193.0,224.0,158.0,190.0,215.0,246.0,459.0,463.0,932.0,1016.0,,
1630591,Jalen Suggs,2001-06-03T00:00:00,Guard,,6-5,205,2021-22,2022-23,1307.0,1246.0,564.0,524.0,209.0,155.0,171.0,161.0,59.0,67.0,42.0,66.0,196.0,202.0,126.0,86.0,163.0,119.0,198.0,186.0,548.0,444.0,,
1630581,Josh Giddey,2002-10-10T00:00:00,Guard,,6-8,216,2021-22,2022-23,1700.0,2367.0,674.0,1260.0,345.0,469.0,421.0,599.0,51.0,57.0,56.0,76.0,213.0,234.0,56.0,106.0,79.0,145.0,281.0,539.0,670.0,1118.0,,
1630228,Jonathan Kuminga,2002-10-06T00:00:00,Forward,,6-7,225,2021-22,2022-23,1185.0,1394.0,652.0,666.0,64.0,125.0,234.0,231.0,31.0,41.0,50.0,54.0,149.0,146.0,130.0,90.0,190.0,138.0,236.0,261.0,460.0,497.0,,
1630532,Franz Wagner,2001-08-27T00:00:00,Forward,,6-10,220,2021-22,2022-23,2429.0,2609.0,1197.0,1485.0,231.0,283.0,356.0,329.0,68.0,77.0,96.0,130.0,271.0,360.0,189.0,271.0,219.0,322.0,456.0,542.0,975.0,1118.0,,
1630558,Davion Mitchell,1998-09-05T00:00:00,Guard,,6-0,202,2021-22,2022-23,2076.0,1447.0,861.0,450.0,313.0,185.0,166.0,105.0,55.0,44.0,101.0,63.0,320.0,197.0,56.0,25.0,85.0,31.0,352.0,181.0,843.0,399.0,,
1630533,Ziaire Williams,2001-09-12T00:00:00,Forward,,6-9,185,2021-22,2022-23,1346.0,561.0,501.0,210.0,65.0,35.0,129.0,79.0,35.0,14.0,76.0,25.0,242.0,97.0,43.0,17.0,55.0,22.0,191.0,84.0,424.0,196.0,,
1630547,James Bouknight,2000-09-18T00:00:00,Guard,,6-4,190,2021-22,2022-23,304.0,515.0,142.0,191.0,26.0,41.0,52.0,72.0,7.0,14.0,17.0,33.0,49.0,109.0,27.0,20.0,31.0,30.0,49.0,69.0,141.0,193.0,,
1630563,Joshua Primo,2002-12-24T00:00:00,Guard,,6-4,189,2021-22,2022-23,965.0,93.0,288.0,28.0,81.0,18.0,113.0,13.0,20.0,1.0,42.0,3.0,137.0,12.0,44.0,7.0,59.0,9.0,101.0,9.0,270.0,26.0,,
1630537,Chris Duarte,1997-06-13T00:00:00,Guard,,6-5,190,2021-22,2022-23,1541.0,897.0,720.0,362.0,114.0,64.0,226.0,115.0,56.0,25.0,94.0,55.0,255.0,174.0,90.0,61.0,112.0,72.0,268.0,123.0,621.0,333.0,,
1630541,Moses Moody,2002-05-31T00:00:00,Guard,,6-5,211,2021-22,2022-23,607.0,817.0,228.0,302.0,23.0,51.0,80.0,105.0,7.0,18.0,40.0,49.0,110.0,135.0,28.0,37.0,36.0,53.0,80.0,108.0,183.0,227.0,,
1630557,Corey Kispert,1999-03-03T00:00:00,Forward,,6-6,224,2021-22,2022-23,1801.0,2093.0,634.0,820.0,85.0,87.0,209.0,207.0,35.0,32.0,112.0,163.0,320.0,384.0,54.0,75.0,62.0,88.0,234.0,291.0,514.0,585.0,,
1630578,Alperen Sengun,2002-07-25T00:00:00,Center,,6-11,243,2021-22,2022-23,1489.0,2171.0,692.0,1109.0,185.0,291.0,393.0,678.0,59.0,70.0,29.0,19.0,117.0,57.0,165.0,206.0,232.0,288.0,249.0,442.0,525.0,799.0,,
1630530,Trey Murphy III,2000-06-18T00:00:00,Forward,,6-8,206,2021-22,2022-23,864.0,2448.0,334.0,1148.0,38.0,112.0,147.0,281.0,23.0,89.0,71.0,202.0,186.0,497.0,45.0,172.0,51.0,190.0,109.0,387.0,277.0,800.0,,
1630544,Tre Mann,2001-02-03T00:00:00,Guard,,6-3,178,2021-22,2022-23,1367.0,1183.0,625.0,517.0,91.0,120.0,171.0,155.0,47.0,40.0,98.0,81.0,272.0,257.0,65.0,42.0,82.0,55.0,231.0,197.0,588.0,501.0,,
1630539,Kai Jones,2001-01-19T00:00:00,Center-Forward,,6-11,221,2021-22,2022-23,63.0,550.0,22.0,157.0,4.0,15.0,11.0,123.0,1.0,17.0,1.0,4.0,2.0,19.0,3.0,19.0,8.0,26.0,9.0,67.0,14.0,120.0,,
1630552,Jalen Johnson,2001-12-18T00:00:00,Forward,,6-8,219,2021-22,2022-23,120.0,1042.0,52.0,395.0,3.0,83.0,26.0,282.0,3.0,38.0,3.0,30.0,13.0,104.0,5.0,49.0,7.0,78.0,22.0,158.0,41.0,322.0,,
1630553,Keon Johnson,2002-03-10T00:00:00,Guard,,6-5,185,2021-22,2021-22,135.0,562.0,53.0,214.0,13.0,63.0,21.0,60.0,7.0,21.0,3.0,31.0,11.0,89.0,16.0,25.0,21.0,30.0,17.0,79.0,51.0,221.0,,
1630543,Isaiah Jackson,2002-01-10T00:00:00,Forward,,6-8,205,2021-22,2022-23,541.0,1042.0,297.0,455.0,10.0,51.0,149.0,282.0,25.0,31.0,5.0,2.0,16.0,14.0,60.0,95.0,88.0,146.0,116.0,179.0,206.0,318.0,,
1630586,Usman Garuba,2002-03-09T00:00:00,Forward,,6-8,229,2021-22,2022-23,239.0,970.0,48.0,225.0,17.0,64.0,83.0,307.0,10.0,44.0,5.0,24.0,20.0,59.0,5.0,29.0,7.0,47.0,19.0,86.0,44.0,177.0,,
1630528,Josh Christopher,2001-12-08T00:00:00,Guard,,6-4,215,2021-22,2022-23,1334.0,786.0,587.0,372.0,150.0,73.0,186.0,71.0,65.0,33.0,56.0,21.0,189.0,89.0,83.0,45.0,113.0,60.0,224.0,153.0,500.0,329.0,,
1629656,Quentin Grimes,2000-05-08T00:00:00,Guard,,6-4,210,2021-22,2022-23,786.0,2121.0,275.0,799.0,44.0,150.0,94.0,229.0,31.0,47.0,72.0,157.0,189.0,407.0,13.0,78.0,19.0,98.0,95.0,282.0,235.0,602.0,,
1630538,Bones Hyland,2000-09-14T00:00:00,Guard,,6-2,169,2021-22,2022-23,1310.0,820.0,698.0,508.0,191.0,125.0,188.0,86.0,41.0,28.0,131.0,91.0,358.0,241.0,107.0,71.0,125.0,82.0,230.0,173.0,571.0,434.0,,
1630560,Cam Thomas,2001-10-13T00:00:00,Guard,,6-3,210,2021-22,2022-23,1176.0,948.0,570.0,604.0,78.0,78.0,161.0,95.0,33.0,20.0,47.0,51.0,174.0,133.0,87.0,151.0,105.0,174.0,218.0,201.0,503.0,456.0,,
1630531,Jaden Springer,2002-09-25T00:00:00,Guard,,6-4,202,2021-22,2022-23,6.0,89.0,2.0,42.0,0.0,8.0,2.0,14.0,0.0,7.0,0.0,2.0,0.0,5.0,0.0,6.0,0.0,8.0,1.0,17.0,1.0,35.0,,
1630549,Day'Ron Sharpe,2001-11-06T00:00:00,Center,,6-10,265,2021-22,2022-23,391.0,553.0,198.0,227.0,17.0,37.0,160.0,200.0,10.0,15.0,2.0,6.0,7.0,11.0,24.0,35.0,41.0,55.0,86.0,93.0,149.0,171.0,,
1630583,Santi Aldama,2001-01-10T00:00:00,Forward-Center,,7-0,215,2021-22,2022-23,360.0,1682.0,132.0,696.0,21.0,97.0,87.0,371.0,6.0,45.0,6.0,94.0,48.0,266.0,20.0,108.0,32.0,144.0,53.0,247.0,132.0,525.0,,
1631094,Paolo Banchero,2002-11-12T00:00:00,Forward,,6-10,250,2022-23,2023-24,2430.0,2799.0,1437.0,1804.0,269.0,431.0,497.0,554.0,60.0,71.0,85.0,119.0,285.0,351.0,394.0,405.0,534.0,559.0,479.0,640.0,1122.0,1407.0,,
1631096,Chet Holmgren,2002-05-01T00:00:00,Center-Forward,,7-1,208,2023-24,2024-25,2413.0,877.0,1357.0,479.0,200.0,63.0,648.0,257.0,53.0,23.0,129.0,44.0,349.0,116.0,218.0,101.0,275.0,134.0,505.0,167.0,953.0,341.0,,
1631095,Jabari Smith Jr.,2003-05-13T00:00:00,Forward,,6-10,220,2022-23,2023-24,2451.0,2424.0,1010.0,1044.0,101.0,121.0,569.0,616.0,43.0,52.0,120.0,138.0,391.0,380.0,162.0,150.0,206.0,185.0,364.0,378.0,892.0,833.0,,
1631099,Keegan Murray,2000-08-19T00:00:00,Forward,,6-8,225,2022-23,2023-24,2382.0,2589.0,976.0,1172.0,98.0,129.0,371.0,420.0,61.0,79.0,206.0,183.0,501.0,511.0,62.0,103.0,81.0,124.0,354.0,443.0,782.0,975.0,,
1631093,Jaden Ivey,2002-02-13T00:00:00,Guard,,6-3,195,2022-23,2023-24,2304.0,2218.0,1204.0,1185.0,387.0,296.0,288.0,264.0,61.0,57.0,120.0,124.0,350.0,369.0,266.0,227.0,356.0,303.0,409.0,417.0,983.0,973.0,,
1631097,Bennedict Mathurin,2002-06-19T00:00:00,Guard-Forward,,6-5,210,2022-23,2023-24,2222.0,1538.0,1302.0,856.0,116.0,119.0,318.0,234.0,48.0,35.0,100.0,80.0,310.0,214.0,376.0,184.0,454.0,224.0,413.0,296.0,951.0,663.0,,
1631101,Shaedon Sharpe,2003-05-30T00:00:00,Guard,,6-5,210,2022-23,2023-24,1779.0,1059.0,789.0,510.0,94.0,94.0,236.0,160.0,38.0,28.0,102.0,60.0,283.0,180.0,75.0,98.0,105.0,119.0,306.0,176.0,648.0,434.0,,
1630700,Dyson Daniels,2003-03-17T00:00:00,Guard,,6-7,199,2022-23,2023-24,1042.0,1359.0,227.0,354.0,134.0,164.0,188.0,236.0,43.0,85.0,27.0,42.0,86.0,135.0,26.0,34.0,40.0,53.0,87.0,139.0,208.0,311.0,,
1631110,Jeremy Sochan,2003-05-20T00:00:00,Forward,,6-8,230,2022-23,2023-24,1458.0,2193.0,614.0,861.0,142.0,249.0,295.0,476.0,43.0,62.0,33.0,70.0,134.0,227.0,81.0,111.0,116.0,144.0,250.0,340.0,552.0,776.0,,
1631098,Johnny Davis,2002-02-27T00:00:00,Guard,,6-4,195,2022-23,2023-24,423.0,614.0,163.0,152.0,28.0,32.0,65.0,72.0,10.0,18.0,17.0,14.0,70.0,40.0,14.0,14.0,27.0,24.0,66.0,62.0,171.0,154.0,,
1631172,Ousmane Dieng,2003-05-21T00:00:00,Forward,,6-9,185,2022-23,2023-24,569.0,365.0,193.0,133.0,46.0,37.0,105.0,51.0,14.0,8.0,26.0,21.0,98.0,70.0,15.0,14.0,23.0,16.0,76.0,49.0,181.0,116.0,,
1631114,Jalen Williams,2001-04-14T00:00:00,Guard-Forward,,6-5,211,2022-23,2023-24,2276.0,2224.0,1056.0,1355.0,248.0,322.0,337.0,282.0,103.0,80.0,73.0,103.0,205.0,241.0,155.0,180.0,191.0,221.0,414.0,536.0,794.0,993.0,,
1631105,Jalen Duren,2003-11-18T00:00:00,Center,,6-10,250,2022-23,2023-24,1670.0,1777.0,612.0,841.0,75.0,147.0,595.0,709.0,44.0,33.0,0.0,0.0,2.0,4.0,96.0,143.0,157.0,181.0,258.0,349.0,398.0,564.0,,
1630534,Ochai Agbaji,2000-04-20T00:00:00,Guard,,6-5,215,2022-23,2023-24,1209.0,1003.0,467.0,274.0,67.0,47.0,121.0,126.0,16.0,27.0,81.0,47.0,228.0,142.0,56.0,15.0,69.0,20.0,165.0,106.0,386.0,249.0,,
1631109,Mark Williams,2001-12-16T00:00:00,Center,,7-1,240,2022-23,2023-24,828.0,508.0,387.0,242.0,18.0,22.0,304.0,184.0,28.0,16.0,0.0,0.0,0.0,0.0,67.0,46.0,97.0,64.0,160.0,98.0,251.0,151.0,,
1631100,AJ Griffin,2003-08-25T00:00:00,Forward,,6-6,220,2022-23,2023-24,1401.0,171.0,639.0,48.0,73.0,5.0,153.0,18.0,42.0,1.0,101.0,10.0,259.0,39.0,42.0,2.0,47.0,2.0,248.0,18.0,533.0,62.0,,
1631106,Tari Eason,2001-05-10T00:00:00,Forward,,6-8,215,2022-23,2023-24,1767.0,480.0,760.0,215.0,88.0,27.0,496.0,153.0,96.0,31.0,59.0,18.0,172.0,50.0,109.0,21.0,145.0,33.0,296.0,88.0,660.0,189.0,,
1631207,Dalen Terry,2002-07-12T00:00:00,Forward,,6-7,195,2022-23,2023-24,214.0,681.0,85.0,180.0,22.0,81.0,37.0,113.0,11.0,27.0,7.0,17.0,27.0,74.0,14.0,25.0,21.0,43.0,32.0,69.0,72.0,157.0,,
1631222,Jake LaRavia,2001-11-03T00:00:00,Forward,,6-7,235,2022-23,2023-24,414.0,806.0,105.0,379.0,21.0,58.0,63.0,128.0,12.0,29.0,24.0,53.0,71.0,156.0,7.0,90.0,9.0,109.0,37.0,118.0,95.0,303.0,,
1631103,Malaki Branham,2003-05-12T00:00:00,Forward,,6-4,180,2022-23,2023-24,1550.0,1594.0,673.0,690.0,127.0,156.0,181.0,148.0,33.0,27.0,77.0,93.0,255.0,268.0,58.0,55.0,70.0,63.0,269.0,271.0,611.0,628.0,,
1631128,Christian Braun,2001-04-17T00:00:00,Guard,,6-6,220,2022-23,2023-24,1181.0,1656.0,360.0,600.0,59.0,132.0,181.0,306.0,41.0,42.0,34.0,63.0,96.0,164.0,40.0,93.0,64.0,134.0,143.0,222.0,289.0,483.0,,
1631117,Walker Kessler,2001-07-26T00:00:00,Center,,7-2,245,2022-23,2023-24,1703.0,1493.0,679.0,518.0,69.0,60.0,620.0,481.0,26.0,30.0,1.0,4.0,3.0,19.0,82.0,56.0,159.0,93.0,298.0,229.0,414.0,350.0,,
1631223,David Roddy,2001-03-27T00:00:00,Forward,,6-5,255,2022-23,2023-24,1259.0,1114.0,466.0,403.0,59.0,76.0,193.0,200.0,29.0,25.0,65.0,47.0,212.0,156.0,41.0,46.0,65.0,67.0,180.0,155.0,420.0,386.0,,
1630699,MarJon Beauchamp,2000-10-12T00:00:00,Forward,,6-7,199,2022-23,2023-24,701.0,608.0,266.0,211.0,35.0,31.0,115.0,99.0,21.0,13.0,47.0,30.0,142.0,75.0,27.0,19.0,37.0,28.0,96.0,81.0,243.0,166.0,,
1631104,Blake Wesley,2003-03-16T00:00:00,Guard,,6-3,190,2022-23,2023-24,669.0,876.0,184.0,268.0,98.0,166.0,82.0,94.0,25.0,29.0,20.0,12.0,52.0,55.0,26.0,52.0,44.0,78.0,69.0,102.0,215.0,215.0,,
1631111,Wendell Moore Jr.,2001-09-18T00:00:00,Guard,,6-5,215,2022-23,2023-24,153.0,75.0,42.0,18.0,18.0,6.0,18.0,12.0,8.0,5.0,2.0,0.0,17.0,6.0,4.0,0.0,5.0,0.0,18.0,9.0,43.0,18.0,,
1631116,Patrick Baldwin Jr.,2002-11-18T00:00:00,Forward,,7-0,220,2022-23,2023-24,226.0,494.0,122.0,168.0,11.0,29.0,40.0,123.0,6.0,18.0,32.0,31.0,84.0,97.0,4.0,19.0,6.0,28.0,43.0,59.0,109.0,155.0,,
1631102,TyTy Washington Jr.,2001-11-15T00:00:00,Guard,,6-3,195,2022-23,2023-24,433.0,56.0,145.0,14.0,47.0,5.0,45.0,5.0,15.0,3.0,19.0,2.0,80.0,6.0,10.0,0.0,18.0,0.0,58.0,6.0,160.0,20.0,,
1631212,Peyton Watson,2002-09-11T00:00:00,Guard,,6-7,200,2022-23,2023-24,186.0,1488.0,75.0,532.0,11.0,86.0,37.0,258.0,2.0,42.0,6.0,45.0,14.0,152.0,11.0,71.0,20.0,106.0,29.0,208.0,59.0,447.0,,
1641705,Victor Wembanyama,2004-01-04T00:00:00,Forward-Center,,7-5,235,2023-24,2024-25,2106.0,1527.0,1522.0,1116.0,274.0,168.0,755.0,506.0,88.0,52.0,128.0,142.0,394.0,403.0,292.0,158.0,367.0,189.0,551.0,408.0,1186.0,857.0,,
1641706,Brandon Miller,2002-11-22T00:00:00,Forward,,6-7,200,2023-24,2024-25,2383.0,924.0,1279.0,568.0,175.0,98.0,315.0,131.0,66.0,29.0,184.0,104.0,493.0,293.0,143.0,68.0,173.0,79.0,476.0,198.0,1083.0,491.0,,
1630703,Scoot Henderson,2004-02-03T00:00:00,Guard,,6-3,207,2023-24,2024-25,1765.0,1759.0,868.0,837.0,336.0,335.0,194.0,198.0,48.0,68.0,87.0,105.0,268.0,297.0,167.0,158.0,204.0,206.0,307.0,287.0,797.0,685.0,,
1641708,Amen Thompson,2003-01-30T00:00:00,Guard-Forward,,6-7,200,2023-24,2024-25,1389.0,2225.0,592.0,970.0,163.0,265.0,409.0,564.0,78.0,97.0,8.0,25.0,58.0,91.0,106.0,169.0,155.0,247.0,239.0,388.0,446.0,697.0,,
1641709,Ausar Thompson,2003-01-30T00:00:00,Guard-Forward,,6-7,205,2023-24,2024-25,1583.0,1328.0,556.0,594.0,120.0,134.0,402.0,303.0,68.0,98.0,21.0,11.0,113.0,49.0,71.0,91.0,119.0,142.0,232.0,246.0,480.0,460.0,,
1641710,Anthony Black,2004-01-20T00:00:00,Guard,,6-7,200,2023-24,2024-25,1164.0,1887.0,316.0,736.0,91.0,240.0,139.0,230.0,35.0,86.0,37.0,62.0,94.0,195.0,49.0,150.0,80.0,197.0,115.0,262.0,247.0,620.0,,
1641731,Bilal Coulibaly,2004-07-26T00:00:00,Guard,,6-7,195,2023-24,2024-25,1715.0,1948.0,532.0,727.0,110.0,199.0,256.0,294.0,57.0,78.0,64.0,63.0,185.0,224.0,92.0,138.0,131.0,185.0,188.0,263.0,432.0,624.0,,
1641716,Jarace Walker,2003-09-04T00:00:00,Forward,,6-7,235,2023-24,2024-25,340.0,1187.0,120.0,461.0,40.0,110.0,63.0,229.0,15.0,54.0,22.0,75.0,55.0,185.0,8.0,46.0,9.0,69.0,45.0,170.0,110.0,360.0,,
1641707,Taylor Hendricks,2003-11-22T00:00:00,Forward,,6-9,215,2023-24,2024-25,856.0,75.0,292.0,14.0,32.0,2.0,185.0,15.0,28.0,5.0,53.0,3.0,140.0,12.0,23.0,3.0,29.0,4.0,108.0,4.0,240.0,18.0,,
1641717,Cason Wallace,2003-11-07T00:00:00,Guard,,6-3,195,2023-24,2024-25,1692.0,1876.0,561.0,568.0,120.0,173.0,187.0,229.0,76.0,120.0,98.0,74.0,234.0,208.0,29.0,30.0,37.0,37.0,217.0,232.0,442.0,489.0,,
1641724,Jett Howard,2003-09-14T00:00:00,Guard,,6-6,215,2023-24,2024-25,67.0,701.0,29.0,267.0,6.0,44.0,7.0,70.0,2.0,13.0,7.0,55.0,25.0,186.0,2.0,16.0,4.0,23.0,10.0,98.0,30.0,262.0,,
1641726,Dereck Lively II,2004-02-12T00:00:00,Center,,7-1,230,2023-24,2024-25,1294.0,833.0,483.0,314.0,60.0,85.0,378.0,270.0,36.0,20.0,0.0,0.0,2.0,0.0,41.0,46.0,81.0,73.0,221.0,134.0,296.0,191.0,,
1641711,Gradey Dick,2003-11-20T00:00:00,Guard-Forward,,6-7,200,2023-24,2024-25,1268.0,1587.0,510.0,777.0,68.0,98.0,132.0,193.0,34.0,48.0,88.0,114.0,241.0,326.0,44.0,133.0,51.0,155.0,189.0,265.0,445.0,647.0,,
1641722,Jordan Hawkins,2002-04-29T00:00:00,Guard,,6-5,190,2023-24,2024-25,1161.0,1320.0,524.0,604.0,70.0,66.0,148.0,158.0,19.0,30.0,109.0,110.0,298.0,332.0,67.0,80.0,80.0,98.0,174.0,207.0,456.0,556.0,,
1641723,Kobe Bufkin,2003-09-21T00:00:00,Guard,,6-4,195,2023-24,2024-25,196.0,124.0,81.0,53.0,27.0,17.0,33.0,21.0,7.0,3.0,9.0,4.0,40.0,19.0,4.0,13.0,8.0,18.0,34.0,18.0,92.0,47.0,,
1641718,Keyonte George,2003-11-08T00:00:00,Guard,,6-4,185,2023-24,2024-25,2023.0,2108.0,974.0,1125.0,332.0,377.0,211.0,253.0,36.0,46.0,147.0,174.0,440.0,507.0,189.0,233.0,223.0,285.0,319.0,359.0,815.0,919.0,,
1641720,Jalen Hood-Schifino,2003-06-19T00:00:00,Guard,,6-5,210,2023-24,2024-25,109.0,14.0,34.0,4.0,8.0,1.0,13.0,1.0,3.0,0.0,2.0,0.0,15.0,0.0,12.0,2.0,20.0,2.0,10.0,1.0,45.0,1.0,,
1631170,Jaime Jaquez Jr.,2001-02-18T00:00:00,Guard,,6-6,225,2023-24,2024-25,2113.0,1368.0,889.0,570.0,195.0,166.0,285.0,290.0,77.0,61.0,65.0,37.0,202.0,119.0,142.0,107.0,175.0,142.0,341.0,213.0,697.0,462.0,,
1641764,Brandin Podziemski,2003-02-25T00:00:00,Guard,,6-4,205,2023-24,2024-25,1968.0,1716.0,682.0,747.0,273.0,220.0,427.0,325.0,61.0,69.0,90.0,115.0,234.0,309.0,50.0,72.0,79.0,95.0,271.0,280.0,597.0,629.0,,
1641715,Cam Whitmore,2004-07-08T00:00:00,Forward,,6-6,230,2023-24,2024-25,880.0,827.0,579.0,477.0,33.0,49.0,180.0,151.0,30.0,31.0,79.0,65.0,220.0,183.0,76.0,54.0,112.0,72.0,212.0,179.0,467.0,403.0,,
1641730,Noah Clowney,2004-07-14T00:00:00,Forward-Center,,6-10,210,2023-24,2024-25,370.0,1042.0,133.0,420.0,18.0,40.0,81.0,181.0,8.0,24.0,12.0,87.0,33.0,261.0,21.0,67.0,30.0,80.0,50.0,133.0,93.0,372.0,,
1641727,Dariq Whitehead,2004-08-01T00:00:00,Guard-Forward,,6-6,220,2023-24,2024-25,24.0,246.0,3.0,114.0,3.0,12.0,4.0,29.0,0.0,6.0,0.0,33.0,3.0,74.0,1.0,3.0,2.0,5.0,1.0,39.0,5.0,96.0,,
1631200,Kris Murray,2000-08-19T00:00:00,Forward,,6-8,218,2023-24,2024-25,1348.0,1040.0,376.0,287.0,80.0,68.0,224.0,182.0,53.0,35.0,49.0,27.0,183.0,120.0,37.0,26.0,56.0,57.0,145.0,117.0,366.0,279.0,,
1641765,Olivier-Maxence Prosper,2002-07-03T00:00:00,Forward,,6-7,230,2023-24,2024-25,336.0,584.0,121.0,201.0,22.0,40.0,79.0,126.0,7.0,26.0,13.0,12.0,45.0,51.0,28.0,49.0,41.0,76.0,40.0,70.0,104.0,174.0,,
1631204,Marcus Sasser,2000-09-21T00:00:00,Guard,,6-1,195,2023-24,2024-25,1351.0,811.0,586.0,375.0,236.0,133.0,125.0,69.0,44.0,37.0,90.0,58.0,240.0,152.0,58.0,43.0,66.0,51.0,219.0,137.0,512.0,296.0,,
1641767,Ben Sheppard,2001-07-16T00:00:00,Guard,,6-6,190,2023-24,2024-25,814.0,1230.0,252.0,332.0,53.0,85.0,89.0,177.0,33.0,38.0,49.0,68.0,156.0,199.0,23.0,24.0,26.0,27.0,90.0,120.0,229.0,287.0,,
1641733,Nick Smith Jr.,2004-04-18T00:00:00,Guard,,6-2,185,2023-24,2024-25,729.0,1369.0,302.0,591.0,59.0,145.0,72.0,128.0,10.0,17.0,63.0,104.0,146.0,306.0,13.0,43.0,15.0,46.0,113.0,222.0,289.0,568.0,,
1641729,Brice Sensabaugh,2003-10-30T00:00:00,Forward,,6-6,235,2023-24,2024-25,584.0,1432.0,241.0,772.0,55.0,110.0,102.0,210.0,13.0,46.0,34.0,157.0,115.0,372.0,37.0,65.0,41.0,73.0,85.0,275.0,218.0,599.0,,
1631124,Julian Strawther,2002-04-18T00:00:00,Guard,,6-6,205,2023-24,2024-25,545.0,1384.0,227.0,588.0,47.0,83.0,61.0,142.0,17.0,39.0,41.0,94.0,138.0,269.0,22.0,74.0,31.0,90.0,82.0,210.0,222.0,486.0,,
1641738,Kobe Brown,2000-01-01T00:00:00,Forward,,6-7,250,2023-24,2024-25,394.0,272.0,89.0,77.0,25.0,24.0,62.0,65.0,12.0,7.0,14.0,6.0,48.0,26.0,1.0,5.0,2.0,7.0,37.0,33.0,90.0,72.0,,
1642258,Zaccharie Risacher,2005-04-08T00:00:00,Forward,,6-8,200,2024-25,,1843.0,,942.0,,92.0,,268.0,,52.0,,122.0,,344.0,,106.0,,149.0,,357.0,,779.0,,,
1642259,Alex Sarr,2005-04-26T00:00:00,Center,,7-0,205,2024-25,,1814.0,,869.0,,161.0,,435.0,,44.0,,105.0,,341.0,,112.0,,165.0,,326.0,,828.0,,,
1642263,Reed Sheppard,2004-06-24T00:00:00,Guard,,6-2,185,2024-25,,654.0,,229.0,,75.0,,78.0,,35.0,,48.0,,142.0,,13.0,,16.0,,84.0,,239.0,,,
1642264,Stephon Castle,2004-11-01T00:00:00,Guard,,6-6,215,2024-25,,2162.0,,1190.0,,332.0,,297.0,,74.0,,95.0,,333.0,,249.0,,344.0,,423.0,,988.0,,,
1642270,Donovan Clingan,2004-02-23T00:00:00,Center,,7-2,280,2024-25,,1324.0,,436.0,,77.0,,527.0,,34.0,,14.0,,49.0,,62.0,,104.0,,180.0,,334.0,,,
1642265,Rob Dillingham,2005-01-04T00:00:00,Guard,,6-2,175,2024-25,,516.0,,219.0,,98.0,,50.0,,20.0,,25.0,,74.0,,8.0,,15.0,,93.0,,211.0,,,
1641744,Zach Edey,2002-05-14T00:00:00,Center,,7-4,305,2024-25,,1416.0,,610.0,,65.0,,548.0,,36.0,,18.0,,52.0,,90.0,,127.0,,251.0,,433.0,,,
1642262,Cody Williams,2004-11-20T00:00:00,Forward,,6-8,190,2024-25,,1060.0,,230.0,,59.0,,113.0,,23.0,,35.0,,135.0,,29.0,,40.0,,83.0,,257.0,,,
1641824,Matas Buzelis,2004-10-13T00:00:00,Forward,,6-10,209,2024-25,,1511.0,,688.0,,79.0,,278.0,,29.0,,96.0,,266.0,,88.0,,108.0,,252.0,,555.0,,,
1642269,Devin Carter,2002-03-18T00:00:00,Guard,,6-2,195,2024-25,,396.0,,138.0,,41.0,,76.0,,21.0,,18.0,,61.0,,26.0,,44.0,,47.0,,127.0,,,
1642267,Bub Carrington,2005-07-21T00:00:00,Guard,,6-4,190,2024-25,,2458.0,,807.0,,364.0,,341.0,,54.0,,138.0,,407.0,,69.0,,85.0,,300.0,,748.0,,,
1642276,Kel'el Ware,2004-04-20T00:00:00,Center,,7-0,230,2024-25,,1422.0,,595.0,,60.0,,473.0,,39.0,,35.0,,111.0,,46.0,,67.0,,257.0,,464.0,,,
1642272,Jared McCain,2004-02-20T00:00:00,Guard,,6-3,195,2024-25,,592.0,,352.0,,60.0,,56.0,,15.0,,51.0,,133.0,,49.0,,56.0,,126.0,,274.0,,,
1642261,Dalton Knecht,2001-04-19T00:00:00,Forward,,6-6,215,2024-25,,1494.0,,706.0,,66.0,,216.0,,24.0,,128.0,,340.0,,64.0,,84.0,,257.0,,557.0,,,
1641783,Tristan da Silva,2001-05-15T00:00:00,Forward,,6-8,217,2024-25,,1629.0,,533.0,,113.0,,245.0,,33.0,,80.0,,239.0,,55.0,,63.0,,199.0,,483.0,,,
1642266,Ja'Kobe Walter,2004-09-04T00:00:00,Guard,,6-4,180,2024-25,,1103.0,,449.0,,81.0,,160.0,,43.0,,65.0,,186.0,,66.0,,83.0,,159.0,,393.0,,,
1642281,Jaylon Tyson,2002-12-02T00:00:00,Guard-Forward,,6-6,215,2024-25,,453.0,,167.0,,44.0,,96.0,,13.0,,20.0,,58.0,,19.0,,24.0,,64.0,,149.0,,,
1642274,Yves Missi,2004-05-14T00:00:00,Center,,6-11,235,2024-25,,1956.0,,665.0,,99.0,,601.0,,37.0,,0.0,,1.0,,127.0,,204.0,,269.0,,492.0,,,
1642358,AJ Johnson,2004-12-01T00:00:00,Guard,,6-5,160,2024-25,2024-25,44.0,595.0,20.0,200.0,7.0,69.0,7.0,52.0,1.0,11.0,3.0,21.0,5.0,85.0,1.0,31.0,2.0,35.0,8.0,74.0,19.0,194.0,,
1642273,Kyshawn George,2003-12-12T00:00:00,Forward,,6-8,200,2024-25,,1802.0,,590.0,,169.0,,285.0,,68.0,,114.0,,354.0,,70.0,,93.0,,203.0,,546.0,,,
1641794,Dillon Jones,2001-10-29T00:00:00,Forward,,6-5,235,2024-25,,552.0,,135.0,,58.0,,121.0,,16.0,,16.0,,63.0,,17.0,,28.0,,51.0,,133.0,,,
1630545,Terrence Shannon Jr.,2000-07-30T00:00:00,Guard-Forward,,6-6,215,2024-25,,339.0,,138.0,,32.0,,47.0,,7.0,,11.0,,31.0,,17.0,,21.0,,55.0,,114.0,,,
1642346,Ryan Dunn,2003-01-07T00:00:00,Forward,,6-7,216,2024-25,,1410.0,,511.0,,57.0,,267.0,,44.0,,82.0,,264.0,,19.0,,39.0,,205.0,,477.0,,,
1642268,Isaiah Collier,2004-10-08T00:00:00,Guard,,6-4,210,2024-25,,1839.0,,615.0,,446.0,,235.0,,66.0,,42.0,,169.0,,105.0,,154.0,,234.0,,555.0,,,
1631248,Baylor Scheierman,2000-09-26T00:00:00,Guard,,6-6,205,2024-25,,384.0,,113.0,,33.0,,65.0,,17.0,,26.0,,82.0,,9.0,,12.0,,39.0,,110.0,,,
